-- ============================================================
-- SEED DATA - class-cash
-- Cole este script no Supabase SQL Editor e execute.
-- Cria: 8 professores, 12 turmas, 20 alunos,
--       19 matrículas, 19 contratos, 76 mensalidades
--       (incluindo inadimplentes e alunos com desconto)
-- ============================================================

-- ============================================================
-- 1. PROFESSORES
-- ============================================================
INSERT INTO teachers (id, full_name, email, phone, specialization, salary, status) VALUES
  ('11111111-1111-1111-1111-111111111101', 'Ana Paula Ferreira',     'ana.ferreira@escola.com',    '(11) 99111-0001', 'Matemática',       4500.00, 'active'),
  ('11111111-1111-1111-1111-111111111102', 'Carlos Eduardo Lima',    'carlos.lima@escola.com',     '(11) 99111-0002', 'História',         4000.00, 'active'),
  ('11111111-1111-1111-1111-111111111103', 'Fernanda Costa Braga',   'fernanda.costa@escola.com',  '(11) 99111-0003', 'Geografia',        4000.00, 'active'),
  ('11111111-1111-1111-1111-111111111104', 'Roberto Santos Filho',   'roberto.santos@escola.com',  '(11) 99111-0004', 'Português',        4200.00, 'active'),
  ('11111111-1111-1111-1111-111111111105', 'Juliana Oliveira Melo',  'juliana.oliveira@escola.com','(11) 99111-0005', 'Artes',            3800.00, 'active'),
  ('11111111-1111-1111-1111-111111111106', 'Marcos Almeida Torres',  'marcos.almeida@escola.com',  '(11) 99111-0006', 'Ciências',         4300.00, 'active'),
  ('11111111-1111-1111-1111-111111111107', 'Patrícia Souza Nunes',   'patricia.souza@escola.com',  '(11) 99111-0007', 'Educação Física',  3700.00, 'active'),
  ('11111111-1111-1111-1111-111111111108', 'Diego Ribeiro Carvalho', 'diego.ribeiro@escola.com',   '(11) 99111-0008', 'Inglês',           4100.00, 'active');

-- ============================================================
-- 2. TURMAS (G1–G3, 1º ao 9º Ano)
-- ============================================================
INSERT INTO classes (id, name, grade, level, description, max_capacity, monthly_fee, tuition_per_student, color, teacher_id) VALUES
  -- Educação Infantil
  ('22222222-2222-2222-2222-222222222201', 'G1 - Jardim I',    'G1',    'Educação Infantil', 'Jardim I (4 anos)',                    20, 800.00,  800.00,  '#60A5FA', '11111111-1111-1111-1111-111111111105'),
  ('22222222-2222-2222-2222-222222222202', 'G2 - Jardim II',   'G2',    'Educação Infantil', 'Jardim II (5 anos)',                   20, 800.00,  800.00,  '#34D399', '11111111-1111-1111-1111-111111111105'),
  ('22222222-2222-2222-2222-222222222203', 'G3 - Pré-Escola',  'G3',    'Educação Infantil', 'Pré-Escola (6 anos)',                  20, 850.00,  850.00,  '#A78BFA', '11111111-1111-1111-1111-111111111107'),
  -- Fundamental I
  ('22222222-2222-2222-2222-222222222204', '1º Ano A',         '1º Ano','Fundamental I',     'Primeiro ano do Ensino Fundamental',  25, 950.00,  950.00,  '#F59E0B', '11111111-1111-1111-1111-111111111104'),
  ('22222222-2222-2222-2222-222222222205', '2º Ano A',         '2º Ano','Fundamental I',     'Segundo ano do Ensino Fundamental',   25, 950.00,  950.00,  '#EF4444', '11111111-1111-1111-1111-111111111104'),
  ('22222222-2222-2222-2222-222222222206', '3º Ano A',         '3º Ano','Fundamental I',     'Terceiro ano do Ensino Fundamental',  25, 1000.00, 1000.00, '#10B981', '11111111-1111-1111-1111-111111111101'),
  ('22222222-2222-2222-2222-222222222207', '4º Ano A',         '4º Ano','Fundamental I',     'Quarto ano do Ensino Fundamental',    25, 1000.00, 1000.00, '#3B82F6', '11111111-1111-1111-1111-111111111106'),
  ('22222222-2222-2222-2222-222222222208', '5º Ano A',         '5º Ano','Fundamental I',     'Quinto ano do Ensino Fundamental',    25, 1000.00, 1000.00, '#8B5CF6', '11111111-1111-1111-1111-111111111101'),
  -- Fundamental II
  ('22222222-2222-2222-2222-222222222209', '6º Ano A',         '6º Ano','Fundamental II',    'Sexto ano do Ensino Fundamental',     30, 1200.00, 1200.00, '#F97316', '11111111-1111-1111-1111-111111111106'),
  ('22222222-2222-2222-2222-222222222210', '7º Ano A',         '7º Ano','Fundamental II',    'Sétimo ano do Ensino Fundamental',    30, 1200.00, 1200.00, '#EC4899', '11111111-1111-1111-1111-111111111102'),
  ('22222222-2222-2222-2222-222222222211', '8º Ano A',         '8º Ano','Fundamental II',    'Oitavo ano do Ensino Fundamental',    30, 1250.00, 1250.00, '#14B8A6', '11111111-1111-1111-1111-111111111103'),
  ('22222222-2222-2222-2222-222222222212', '9º Ano A',         '9º Ano','Fundamental II',    'Nono ano do Ensino Fundamental',      30, 1250.00, 1250.00, '#6366F1', '11111111-1111-1111-1111-111111111108');

-- ============================================================
-- 3. ASSOCIAÇÕES PROFESSOR ↔ TURMA (class_teachers)
-- ============================================================
INSERT INTO class_teachers (id, class_id, teacher_id) VALUES
  ('aa000001-0000-0000-0000-000000000001', '22222222-2222-2222-2222-222222222201', '11111111-1111-1111-1111-111111111105'),
  ('aa000001-0000-0000-0000-000000000002', '22222222-2222-2222-2222-222222222202', '11111111-1111-1111-1111-111111111105'),
  ('aa000001-0000-0000-0000-000000000003', '22222222-2222-2222-2222-222222222203', '11111111-1111-1111-1111-111111111107'),
  ('aa000001-0000-0000-0000-000000000004', '22222222-2222-2222-2222-222222222204', '11111111-1111-1111-1111-111111111104'),
  ('aa000001-0000-0000-0000-000000000005', '22222222-2222-2222-2222-222222222205', '11111111-1111-1111-1111-111111111104'),
  ('aa000001-0000-0000-0000-000000000006', '22222222-2222-2222-2222-222222222206', '11111111-1111-1111-1111-111111111101'),
  ('aa000001-0000-0000-0000-000000000007', '22222222-2222-2222-2222-222222222207', '11111111-1111-1111-1111-111111111106'),
  ('aa000001-0000-0000-0000-000000000008', '22222222-2222-2222-2222-222222222208', '11111111-1111-1111-1111-111111111101'),
  ('aa000001-0000-0000-0000-000000000009', '22222222-2222-2222-2222-222222222209', '11111111-1111-1111-1111-111111111106'),
  ('aa000001-0000-0000-0000-000000000010', '22222222-2222-2222-2222-222222222210', '11111111-1111-1111-1111-111111111102'),
  ('aa000001-0000-0000-0000-000000000011', '22222222-2222-2222-2222-222222222211', '11111111-1111-1111-1111-111111111103'),
  ('aa000001-0000-0000-0000-000000000012', '22222222-2222-2222-2222-222222222212', '11111111-1111-1111-1111-111111111108'),
  -- extra: Matemática no Fundamental II também
  ('aa000001-0000-0000-0000-000000000013', '22222222-2222-2222-2222-222222222210', '11111111-1111-1111-1111-111111111101'),
  ('aa000001-0000-0000-0000-000000000014', '22222222-2222-2222-2222-222222222211', '11111111-1111-1111-1111-111111111101'),
  ('aa000001-0000-0000-0000-000000000015', '22222222-2222-2222-2222-222222222212', '11111111-1111-1111-1111-111111111101'),
  -- Inglês no Fundamental I também
  ('aa000001-0000-0000-0000-000000000016', '22222222-2222-2222-2222-222222222206', '11111111-1111-1111-1111-111111111108'),
  ('aa000001-0000-0000-0000-000000000017', '22222222-2222-2222-2222-222222222207', '11111111-1111-1111-1111-111111111108'),
  ('aa000001-0000-0000-0000-000000000018', '22222222-2222-2222-2222-222222222208', '11111111-1111-1111-1111-111111111108');

-- ============================================================
-- 4. ALUNOS
-- Legend:  * = tem desconto   !! = inadimplente   [I] = inativo
-- ============================================================
INSERT INTO students (id, full_name, email, phone, birth_date, enrollment_date, guardian_contact, class_id, full_tuition_value, discount, final_tuition_value, status) VALUES
  -- G1
  ('33333333-3333-3333-3333-333333333301', 'Sofia Martins Pereira',     'resp.sofia@email.com',      '(11) 98001-0001', '2020-03-15', '2024-02-01', '(11) 98001-0001', '22222222-2222-2222-2222-222222222201',  800.00,  0,     800.00,   'active'),
  ('33333333-3333-3333-3333-333333333302', 'Pedro Henrique Rocha',      'resp.pedro@email.com',      '(11) 98001-0002', '2020-07-22', '2024-02-01', '(11) 98001-0002', '22222222-2222-2222-2222-222222222201',  800.00, 10,     720.00,   'active'), -- * 10% desconto
  -- G2
  ('33333333-3333-3333-3333-333333333303', 'Isabella Carvalho Neto',    'resp.isabella@email.com',   '(11) 98001-0003', '2019-05-10', '2024-02-01', '(11) 98001-0003', '22222222-2222-2222-2222-222222222202',  800.00,  0,     800.00,   'active'),
  ('33333333-3333-3333-3333-333333333304', 'Lucas Nunes Barbosa',       'resp.lucas@email.com',      '(11) 98001-0004', '2019-11-30', '2024-02-01', '(11) 98001-0004', '22222222-2222-2222-2222-222222222202',  800.00, 15,     680.00,   'active'), -- * 15% desconto
  -- G3
  ('33333333-3333-3333-3333-333333333305', 'Valentina Costa Dias',      'resp.valentina@email.com',  '(11) 98001-0005', '2018-08-14', '2024-02-01', '(11) 98001-0005', '22222222-2222-2222-2222-222222222203',  850.00,  0,     850.00,   'active'),
  -- 1º Ano
  ('33333333-3333-3333-3333-333333333306', 'Gabriel Fernandes Silva',   'resp.gabriel@email.com',    '(11) 98001-0006', '2017-04-20', '2024-02-01', '(11) 98001-0006', '22222222-2222-2222-2222-222222222204',  950.00,  0,     950.00,   'active'),
  ('33333333-3333-3333-3333-333333333307', 'Laura Rodrigues Pinto',     'resp.laura@email.com',      '(11) 98001-0007', '2017-09-05', '2024-02-01', '(11) 98001-0007', '22222222-2222-2222-2222-222222222204',  950.00, 20,     760.00,   'active'), -- * 20% desconto
  -- 3º Ano
  ('33333333-3333-3333-3333-333333333308', 'Mateus Gonçalves Moura',    'resp.mateus@email.com',     '(11) 98001-0008', '2015-01-18', '2023-02-01', '(11) 98001-0008', '22222222-2222-2222-2222-222222222206', 1000.00,  0,    1000.00,   'active'), -- !! inadimplente (fev/mar/abr)
  ('33333333-3333-3333-3333-333333333309', 'Camila Teixeira Freitas',   'resp.camila@email.com',     '(11) 98001-0009', '2015-06-25', '2023-02-01', '(11) 98001-0009', '22222222-2222-2222-2222-222222222206', 1000.00, 10,     900.00,   'active'), -- * 10% desconto
  -- 4º Ano
  ('33333333-3333-3333-3333-333333333320', 'André Luciano Ferraz',      'andre.ferraz@email.com',    '(11) 98001-0020', '2014-02-11', '2023-02-01', '(11) 98001-0020', '22222222-2222-2222-2222-222222222207', 1000.00,  5,     950.00,   'active'), -- * 5% desconto
  -- 5º Ano
  ('33333333-3333-3333-3333-333333333310', 'Guilherme Monteiro Cruz',   'resp.guilherme@email.com',  '(11) 98001-0010', '2013-03-12', '2022-02-01', '(11) 98001-0010', '22222222-2222-2222-2222-222222222208', 1000.00,  0,    1000.00,   'active'),
  ('33333333-3333-3333-3333-333333333319', 'Maria Clara Pinheiro',      'maria.pinheiro@email.com',  '(11) 98001-0019', '2013-08-30', '2022-02-01', '(11) 98001-0019', '22222222-2222-2222-2222-222222222208', 1000.00,  0,    1000.00,   'active'),
  -- 6º Ano
  ('33333333-3333-3333-3333-333333333311', 'Beatriz Lima Andrade',      'beatriz.andrade@email.com', '(11) 98001-0011', '2012-10-08', '2021-02-01', '(11) 98001-0011', '22222222-2222-2222-2222-222222222209', 1200.00,  0,    1200.00,   'active'),
  ('33333333-3333-3333-3333-333333333312', 'Rafael Costa Mendes',       'rafael.mendes@email.com',   '(11) 98001-0012', '2012-05-17', '2021-02-01', '(11) 98001-0012', '22222222-2222-2222-2222-222222222209', 1200.00, 25,     900.00,   'active'), -- * 25% desconto
  -- 7º Ano
  ('33333333-3333-3333-3333-333333333313', 'Amanda Borges Ramos',       'amanda.ramos@email.com',    '(11) 98001-0013', '2011-02-28', '2020-02-01', '(11) 98001-0013', '22222222-2222-2222-2222-222222222210', 1200.00,  0,    1200.00,   'active'), -- !! inadimplente (mar/abr)
  -- 8º Ano
  ('33333333-3333-3333-3333-333333333314', 'Thiago Nascimento Leal',    'thiago.leal@email.com',     '(11) 98001-0014', '2010-07-14', '2019-02-01', '(11) 98001-0014', '22222222-2222-2222-2222-222222222211', 1250.00,  0,    1250.00,   'active'),
  ('33333333-3333-3333-3333-333333333315', 'Larissa Vieira Campos',     'larissa.campos@email.com',  '(11) 98001-0015', '2010-12-03', '2019-02-01', '(11) 98001-0015', '22222222-2222-2222-2222-222222222211', 1250.00, 15,    1062.50,   'active'), -- * 15% desconto
  -- 9º Ano
  ('33333333-3333-3333-3333-333333333316', 'Victor Hugo Azevedo',       'victor.azevedo@email.com',  '(11) 98001-0016', '2009-09-21', '2018-02-01', '(11) 98001-0016', '22222222-2222-2222-2222-222222222212', 1250.00,  0,    1250.00,   'active'),
  ('33333333-3333-3333-3333-333333333317', 'Natalia Pacheco Gomes',     'natalia.gomes@email.com',   '(11) 98001-0017', '2009-04-16', '2018-02-01', '(11) 98001-0017', '22222222-2222-2222-2222-222222222212', 1250.00, 10,    1125.00,   'active'), -- * 10% desconto
  -- Inativo (sem turma, sem contrato)
  ('33333333-3333-3333-3333-333333333318', 'Felipe Duarte Moreira',     'felipe.moreira@email.com',  '(11) 98001-0018', '2011-11-09', '2020-02-01', '(11) 98001-0018', NULL,                                  1200.00,  0,    1200.00,   'inactive'); -- [I] inativo

-- ============================================================
-- 5. MATRÍCULAS (enrollments) — todos exceto o inativo
-- ============================================================
INSERT INTO enrollments (id, student_id, class_id, enrolled_at) VALUES
  ('44444444-4444-4444-4444-444444444401', '33333333-3333-3333-3333-333333333301', '22222222-2222-2222-2222-222222222201', '2024-02-01'),
  ('44444444-4444-4444-4444-444444444402', '33333333-3333-3333-3333-333333333302', '22222222-2222-2222-2222-222222222201', '2024-02-01'),
  ('44444444-4444-4444-4444-444444444403', '33333333-3333-3333-3333-333333333303', '22222222-2222-2222-2222-222222222202', '2024-02-01'),
  ('44444444-4444-4444-4444-444444444404', '33333333-3333-3333-3333-333333333304', '22222222-2222-2222-2222-222222222202', '2024-02-01'),
  ('44444444-4444-4444-4444-444444444405', '33333333-3333-3333-3333-333333333305', '22222222-2222-2222-2222-222222222203', '2024-02-01'),
  ('44444444-4444-4444-4444-444444444406', '33333333-3333-3333-3333-333333333306', '22222222-2222-2222-2222-222222222204', '2024-02-01'),
  ('44444444-4444-4444-4444-444444444407', '33333333-3333-3333-3333-333333333307', '22222222-2222-2222-2222-222222222204', '2024-02-01'),
  ('44444444-4444-4444-4444-444444444408', '33333333-3333-3333-3333-333333333308', '22222222-2222-2222-2222-222222222206', '2023-02-01'),
  ('44444444-4444-4444-4444-444444444409', '33333333-3333-3333-3333-333333333309', '22222222-2222-2222-2222-222222222206', '2023-02-01'),
  ('44444444-4444-4444-4444-444444444420', '33333333-3333-3333-3333-333333333320', '22222222-2222-2222-2222-222222222207', '2023-02-01'),
  ('44444444-4444-4444-4444-444444444410', '33333333-3333-3333-3333-333333333310', '22222222-2222-2222-2222-222222222208', '2022-02-01'),
  ('44444444-4444-4444-4444-444444444419', '33333333-3333-3333-3333-333333333319', '22222222-2222-2222-2222-222222222208', '2022-02-01'),
  ('44444444-4444-4444-4444-444444444411', '33333333-3333-3333-3333-333333333311', '22222222-2222-2222-2222-222222222209', '2021-02-01'),
  ('44444444-4444-4444-4444-444444444412', '33333333-3333-3333-3333-333333333312', '22222222-2222-2222-2222-222222222209', '2021-02-01'),
  ('44444444-4444-4444-4444-444444444413', '33333333-3333-3333-3333-333333333313', '22222222-2222-2222-2222-222222222210', '2020-02-01'),
  ('44444444-4444-4444-4444-444444444414', '33333333-3333-3333-3333-333333333314', '22222222-2222-2222-2222-222222222211', '2019-02-01'),
  ('44444444-4444-4444-4444-444444444415', '33333333-3333-3333-3333-333333333315', '22222222-2222-2222-2222-222222222211', '2019-02-01'),
  ('44444444-4444-4444-4444-444444444416', '33333333-3333-3333-3333-333333333316', '22222222-2222-2222-2222-222222222212', '2018-02-01'),
  ('44444444-4444-4444-4444-444444444417', '33333333-3333-3333-3333-333333333317', '22222222-2222-2222-2222-222222222212', '2018-02-01');

-- ============================================================
-- 6. CONTRATOS (um por aluno ativo)
--    Período: jan/2026 – dez/2026
-- ============================================================
INSERT INTO contracts (id, student_id, class_id, start_date, end_date, monthly_amount, discount, status) VALUES
  ('55555555-5555-5555-5555-555555555501', '33333333-3333-3333-3333-333333333301', '22222222-2222-2222-2222-222222222201', '2026-01-01', '2026-12-31',  800.00,  0, 'active'),
  ('55555555-5555-5555-5555-555555555502', '33333333-3333-3333-3333-333333333302', '22222222-2222-2222-2222-222222222201', '2026-01-01', '2026-12-31',  800.00, 10, 'active'),
  ('55555555-5555-5555-5555-555555555503', '33333333-3333-3333-3333-333333333303', '22222222-2222-2222-2222-222222222202', '2026-01-01', '2026-12-31',  800.00,  0, 'active'),
  ('55555555-5555-5555-5555-555555555504', '33333333-3333-3333-3333-333333333304', '22222222-2222-2222-2222-222222222202', '2026-01-01', '2026-12-31',  800.00, 15, 'active'),
  ('55555555-5555-5555-5555-555555555505', '33333333-3333-3333-3333-333333333305', '22222222-2222-2222-2222-222222222203', '2026-01-01', '2026-12-31',  850.00,  0, 'active'),
  ('55555555-5555-5555-5555-555555555506', '33333333-3333-3333-3333-333333333306', '22222222-2222-2222-2222-222222222204', '2026-01-01', '2026-12-31',  950.00,  0, 'active'),
  ('55555555-5555-5555-5555-555555555507', '33333333-3333-3333-3333-333333333307', '22222222-2222-2222-2222-222222222204', '2026-01-01', '2026-12-31',  950.00, 20, 'active'),
  ('55555555-5555-5555-5555-555555555508', '33333333-3333-3333-3333-333333333308', '22222222-2222-2222-2222-222222222206', '2026-01-01', '2026-12-31', 1000.00,  0, 'active'), -- !! inadimplente
  ('55555555-5555-5555-5555-555555555509', '33333333-3333-3333-3333-333333333309', '22222222-2222-2222-2222-222222222206', '2026-01-01', '2026-12-31', 1000.00, 10, 'active'),
  ('55555555-5555-5555-5555-555555555520', '33333333-3333-3333-3333-333333333320', '22222222-2222-2222-2222-222222222207', '2026-01-01', '2026-12-31', 1000.00,  5, 'active'),
  ('55555555-5555-5555-5555-555555555510', '33333333-3333-3333-3333-333333333310', '22222222-2222-2222-2222-222222222208', '2026-01-01', '2026-12-31', 1000.00,  0, 'active'),
  ('55555555-5555-5555-5555-555555555519', '33333333-3333-3333-3333-333333333319', '22222222-2222-2222-2222-222222222208', '2026-01-01', '2026-12-31', 1000.00,  0, 'active'),
  ('55555555-5555-5555-5555-555555555511', '33333333-3333-3333-3333-333333333311', '22222222-2222-2222-2222-222222222209', '2026-01-01', '2026-12-31', 1200.00,  0, 'active'),
  ('55555555-5555-5555-5555-555555555512', '33333333-3333-3333-3333-333333333312', '22222222-2222-2222-2222-222222222209', '2026-01-01', '2026-12-31', 1200.00, 25, 'active'),
  ('55555555-5555-5555-5555-555555555513', '33333333-3333-3333-3333-333333333313', '22222222-2222-2222-2222-222222222210', '2026-01-01', '2026-12-31', 1200.00,  0, 'suspended'), -- !! inadimplente → contrato suspenso
  ('55555555-5555-5555-5555-555555555514', '33333333-3333-3333-3333-333333333314', '22222222-2222-2222-2222-222222222211', '2026-01-01', '2026-12-31', 1250.00,  0, 'active'),
  ('55555555-5555-5555-5555-555555555515', '33333333-3333-3333-3333-333333333315', '22222222-2222-2222-2222-222222222211', '2026-01-01', '2026-12-31', 1250.00, 15, 'active'),
  ('55555555-5555-5555-5555-555555555516', '33333333-3333-3333-3333-333333333316', '22222222-2222-2222-2222-222222222212', '2026-01-01', '2026-12-31', 1250.00,  0, 'active'),
  ('55555555-5555-5555-5555-555555555517', '33333333-3333-3333-3333-333333333317', '22222222-2222-2222-2222-222222222212', '2026-01-01', '2026-12-31', 1250.00, 10, 'active');

-- ============================================================
-- 7. MENSALIDADES (tuitions)
--    Jan/2026 = paga  |  Fev/2026 = paga  |  Mar/2026 = paga
--    Abr/2026 = pendente  (mês atual)
--
--    Exceções (inadimplentes):
--      Mateus Moura  (308): Jan=paga, Fev=vencida, Mar=vencida, Abr=vencida
--      Amanda Ramos  (313): Jan=paga, Fev=paga,    Mar=vencida, Abr=vencida
-- ============================================================

-- ── Aluno 01 – Sofia Pereira (R$ 800, sem desconto) ─────────
INSERT INTO tuitions (id, student_id, contract_id, description, amount, discount_applied, final_amount, due_date, paid_date, status, payment_method, category) VALUES
  ('66666666-0000-0000-0000-000000000101', '33333333-3333-3333-3333-333333333301', '55555555-5555-5555-5555-555555555501', 'Mensalidade Janeiro/2026',  800.00, 0, 800.00, '2026-01-10', '2026-01-08', 'paid',    'pix',          'mensalidade'),
  ('66666666-0000-0000-0000-000000000102', '33333333-3333-3333-3333-333333333301', '55555555-5555-5555-5555-555555555501', 'Mensalidade Fevereiro/2026',800.00, 0, 800.00, '2026-02-10', '2026-02-07', 'paid',    'pix',          'mensalidade'),
  ('66666666-0000-0000-0000-000000000103', '33333333-3333-3333-3333-333333333301', '55555555-5555-5555-5555-555555555501', 'Mensalidade Março/2026',    800.00, 0, 800.00, '2026-03-10', '2026-03-09', 'paid',    'transferencia','mensalidade'),
  ('66666666-0000-0000-0000-000000000104', '33333333-3333-3333-3333-333333333301', '55555555-5555-5555-5555-555555555501', 'Mensalidade Abril/2026',    800.00, 0, 800.00, '2026-04-10', NULL,         'pending',  NULL,           'mensalidade');

-- ── Aluno 02 – Pedro Rocha (R$ 800, 10% → R$ 720) ──────────
INSERT INTO tuitions (id, student_id, contract_id, description, amount, discount_applied, final_amount, due_date, paid_date, status, payment_method, category) VALUES
  ('66666666-0000-0000-0000-000000000201', '33333333-3333-3333-3333-333333333302', '55555555-5555-5555-5555-555555555502', 'Mensalidade Janeiro/2026',  800.00, 10, 720.00, '2026-01-10', '2026-01-10', 'paid',    'cartao',       'mensalidade'),
  ('66666666-0000-0000-0000-000000000202', '33333333-3333-3333-3333-333333333302', '55555555-5555-5555-5555-555555555502', 'Mensalidade Fevereiro/2026',800.00, 10, 720.00, '2026-02-10', '2026-02-10', 'paid',    'cartao',       'mensalidade'),
  ('66666666-0000-0000-0000-000000000203', '33333333-3333-3333-3333-333333333302', '55555555-5555-5555-5555-555555555502', 'Mensalidade Março/2026',    800.00, 10, 720.00, '2026-03-10', '2026-03-10', 'paid',    'cartao',       'mensalidade'),
  ('66666666-0000-0000-0000-000000000204', '33333333-3333-3333-3333-333333333302', '55555555-5555-5555-5555-555555555502', 'Mensalidade Abril/2026',    800.00, 10, 720.00, '2026-04-10', NULL,         'pending',  NULL,           'mensalidade');

-- ── Aluno 03 – Isabella Neto (R$ 800, sem desconto) ─────────
INSERT INTO tuitions (id, student_id, contract_id, description, amount, discount_applied, final_amount, due_date, paid_date, status, payment_method, category) VALUES
  ('66666666-0000-0000-0000-000000000301', '33333333-3333-3333-3333-333333333303', '55555555-5555-5555-5555-555555555503', 'Mensalidade Janeiro/2026',  800.00, 0, 800.00, '2026-01-10', '2026-01-09', 'paid',    'boleto',       'mensalidade'),
  ('66666666-0000-0000-0000-000000000302', '33333333-3333-3333-3333-333333333303', '55555555-5555-5555-5555-555555555503', 'Mensalidade Fevereiro/2026',800.00, 0, 800.00, '2026-02-10', '2026-02-09', 'paid',    'boleto',       'mensalidade'),
  ('66666666-0000-0000-0000-000000000303', '33333333-3333-3333-3333-333333333303', '55555555-5555-5555-5555-555555555503', 'Mensalidade Março/2026',    800.00, 0, 800.00, '2026-03-10', '2026-03-08', 'paid',    'boleto',       'mensalidade'),
  ('66666666-0000-0000-0000-000000000304', '33333333-3333-3333-3333-333333333303', '55555555-5555-5555-5555-555555555503', 'Mensalidade Abril/2026',    800.00, 0, 800.00, '2026-04-10', NULL,         'pending',  NULL,           'mensalidade');

-- ── Aluno 04 – Lucas Barbosa (R$ 800, 15% → R$ 680) ────────
INSERT INTO tuitions (id, student_id, contract_id, description, amount, discount_applied, final_amount, due_date, paid_date, status, payment_method, category) VALUES
  ('66666666-0000-0000-0000-000000000401', '33333333-3333-3333-3333-333333333304', '55555555-5555-5555-5555-555555555504', 'Mensalidade Janeiro/2026',  800.00, 15, 680.00, '2026-01-10', '2026-01-07', 'paid',    'pix',          'mensalidade'),
  ('66666666-0000-0000-0000-000000000402', '33333333-3333-3333-3333-333333333304', '55555555-5555-5555-5555-555555555504', 'Mensalidade Fevereiro/2026',800.00, 15, 680.00, '2026-02-10', '2026-02-06', 'paid',    'pix',          'mensalidade'),
  ('66666666-0000-0000-0000-000000000403', '33333333-3333-3333-3333-333333333304', '55555555-5555-5555-5555-555555555504', 'Mensalidade Março/2026',    800.00, 15, 680.00, '2026-03-10', '2026-03-05', 'paid',    'pix',          'mensalidade'),
  ('66666666-0000-0000-0000-000000000404', '33333333-3333-3333-3333-333333333304', '55555555-5555-5555-5555-555555555504', 'Mensalidade Abril/2026',    800.00, 15, 680.00, '2026-04-10', NULL,         'pending',  NULL,           'mensalidade');

-- ── Aluno 05 – Valentina Dias (R$ 850, sem desconto) ────────
INSERT INTO tuitions (id, student_id, contract_id, description, amount, discount_applied, final_amount, due_date, paid_date, status, payment_method, category) VALUES
  ('66666666-0000-0000-0000-000000000501', '33333333-3333-3333-3333-333333333305', '55555555-5555-5555-5555-555555555505', 'Mensalidade Janeiro/2026',  850.00, 0, 850.00, '2026-01-10', '2026-01-10', 'paid',    'transferencia','mensalidade'),
  ('66666666-0000-0000-0000-000000000502', '33333333-3333-3333-3333-333333333305', '55555555-5555-5555-5555-555555555505', 'Mensalidade Fevereiro/2026',850.00, 0, 850.00, '2026-02-10', '2026-02-10', 'paid',    'transferencia','mensalidade'),
  ('66666666-0000-0000-0000-000000000503', '33333333-3333-3333-3333-333333333305', '55555555-5555-5555-5555-555555555505', 'Mensalidade Março/2026',    850.00, 0, 850.00, '2026-03-10', '2026-03-10', 'paid',    'transferencia','mensalidade'),
  ('66666666-0000-0000-0000-000000000504', '33333333-3333-3333-3333-333333333305', '55555555-5555-5555-5555-555555555505', 'Mensalidade Abril/2026',    850.00, 0, 850.00, '2026-04-10', NULL,         'pending',  NULL,           'mensalidade');

-- ── Aluno 06 – Gabriel Silva (R$ 950, sem desconto) ─────────
INSERT INTO tuitions (id, student_id, contract_id, description, amount, discount_applied, final_amount, due_date, paid_date, status, payment_method, category) VALUES
  ('66666666-0000-0000-0000-000000000601', '33333333-3333-3333-3333-333333333306', '55555555-5555-5555-5555-555555555506', 'Mensalidade Janeiro/2026',  950.00, 0, 950.00, '2026-01-10', '2026-01-09', 'paid',    'pix',          'mensalidade'),
  ('66666666-0000-0000-0000-000000000602', '33333333-3333-3333-3333-333333333306', '55555555-5555-5555-5555-555555555506', 'Mensalidade Fevereiro/2026',950.00, 0, 950.00, '2026-02-10', '2026-02-09', 'paid',    'pix',          'mensalidade'),
  ('66666666-0000-0000-0000-000000000603', '33333333-3333-3333-3333-333333333306', '55555555-5555-5555-5555-555555555506', 'Mensalidade Março/2026',    950.00, 0, 950.00, '2026-03-10', '2026-03-09', 'paid',    'pix',          'mensalidade'),
  ('66666666-0000-0000-0000-000000000604', '33333333-3333-3333-3333-333333333306', '55555555-5555-5555-5555-555555555506', 'Mensalidade Abril/2026',    950.00, 0, 950.00, '2026-04-10', NULL,         'pending',  NULL,           'mensalidade');

-- ── Aluno 07 – Laura Pinto (R$ 950, 20% → R$ 760) ──────────
INSERT INTO tuitions (id, student_id, contract_id, description, amount, discount_applied, final_amount, due_date, paid_date, status, payment_method, category) VALUES
  ('66666666-0000-0000-0000-000000000701', '33333333-3333-3333-3333-333333333307', '55555555-5555-5555-5555-555555555507', 'Mensalidade Janeiro/2026',  950.00, 20, 760.00, '2026-01-10', '2026-01-08', 'paid',    'boleto',       'mensalidade'),
  ('66666666-0000-0000-0000-000000000702', '33333333-3333-3333-3333-333333333307', '55555555-5555-5555-5555-555555555507', 'Mensalidade Fevereiro/2026',950.00, 20, 760.00, '2026-02-10', '2026-02-08', 'paid',    'boleto',       'mensalidade'),
  ('66666666-0000-0000-0000-000000000703', '33333333-3333-3333-3333-333333333307', '55555555-5555-5555-5555-555555555507', 'Mensalidade Março/2026',    950.00, 20, 760.00, '2026-03-10', '2026-03-08', 'paid',    'boleto',       'mensalidade'),
  ('66666666-0000-0000-0000-000000000704', '33333333-3333-3333-3333-333333333307', '55555555-5555-5555-5555-555555555507', 'Mensalidade Abril/2026',    950.00, 20, 760.00, '2026-04-10', NULL,         'pending',  NULL,           'mensalidade');

-- ── Aluno 08 – Mateus Moura (R$ 1000, SEM desconto) !! INADIMPLENTE ──
INSERT INTO tuitions (id, student_id, contract_id, description, amount, discount_applied, final_amount, due_date, paid_date, status, payment_method, category) VALUES
  ('66666666-0000-0000-0000-000000000801', '33333333-3333-3333-3333-333333333308', '55555555-5555-5555-5555-555555555508', 'Mensalidade Janeiro/2026',  1000.00, 0, 1000.00, '2026-01-10', '2026-01-10', 'paid',    'pix',   'mensalidade'),
  ('66666666-0000-0000-0000-000000000802', '33333333-3333-3333-3333-333333333308', '55555555-5555-5555-5555-555555555508', 'Mensalidade Fevereiro/2026',1000.00, 0, 1000.00, '2026-02-10', NULL,         'overdue',  NULL,   'mensalidade'), -- vencida
  ('66666666-0000-0000-0000-000000000803', '33333333-3333-3333-3333-333333333308', '55555555-5555-5555-5555-555555555508', 'Mensalidade Março/2026',    1000.00, 0, 1000.00, '2026-03-10', NULL,         'overdue',  NULL,   'mensalidade'), -- vencida
  ('66666666-0000-0000-0000-000000000804', '33333333-3333-3333-3333-333333333308', '55555555-5555-5555-5555-555555555508', 'Mensalidade Abril/2026',    1000.00, 0, 1000.00, '2026-04-10', NULL,         'overdue',  NULL,   'mensalidade'); -- vencida

-- ── Aluno 09 – Camila Freitas (R$ 1000, 10% → R$ 900) ──────
INSERT INTO tuitions (id, student_id, contract_id, description, amount, discount_applied, final_amount, due_date, paid_date, status, payment_method, category) VALUES
  ('66666666-0000-0000-0000-000000000901', '33333333-3333-3333-3333-333333333309', '55555555-5555-5555-5555-555555555509', 'Mensalidade Janeiro/2026',  1000.00, 10, 900.00, '2026-01-10', '2026-01-10', 'paid',    'pix',          'mensalidade'),
  ('66666666-0000-0000-0000-000000000902', '33333333-3333-3333-3333-333333333309', '55555555-5555-5555-5555-555555555509', 'Mensalidade Fevereiro/2026',1000.00, 10, 900.00, '2026-02-10', '2026-02-10', 'paid',    'pix',          'mensalidade'),
  ('66666666-0000-0000-0000-000000000903', '33333333-3333-3333-3333-333333333309', '55555555-5555-5555-5555-555555555509', 'Mensalidade Março/2026',    1000.00, 10, 900.00, '2026-03-10', '2026-03-10', 'paid',    'pix',          'mensalidade'),
  ('66666666-0000-0000-0000-000000000904', '33333333-3333-3333-3333-333333333309', '55555555-5555-5555-5555-555555555509', 'Mensalidade Abril/2026',    1000.00, 10, 900.00, '2026-04-10', NULL,         'pending',  NULL,           'mensalidade');

-- ── Aluno 20 – André Ferraz (R$ 1000, 5% → R$ 950) ─────────
INSERT INTO tuitions (id, student_id, contract_id, description, amount, discount_applied, final_amount, due_date, paid_date, status, payment_method, category) VALUES
  ('66666666-0000-0000-0000-000000002001', '33333333-3333-3333-3333-333333333320', '55555555-5555-5555-5555-555555555520', 'Mensalidade Janeiro/2026',  1000.00, 5, 950.00, '2026-01-10', '2026-01-08', 'paid',    'transferencia','mensalidade'),
  ('66666666-0000-0000-0000-000000002002', '33333333-3333-3333-3333-333333333320', '55555555-5555-5555-5555-555555555520', 'Mensalidade Fevereiro/2026',1000.00, 5, 950.00, '2026-02-10', '2026-02-08', 'paid',    'transferencia','mensalidade'),
  ('66666666-0000-0000-0000-000000002003', '33333333-3333-3333-3333-333333333320', '55555555-5555-5555-5555-555555555520', 'Mensalidade Março/2026',    1000.00, 5, 950.00, '2026-03-10', '2026-03-08', 'paid',    'transferencia','mensalidade'),
  ('66666666-0000-0000-0000-000000002004', '33333333-3333-3333-3333-333333333320', '55555555-5555-5555-5555-555555555520', 'Mensalidade Abril/2026',    1000.00, 5, 950.00, '2026-04-10', NULL,         'pending',  NULL,           'mensalidade');

-- ── Aluno 10 – Guilherme Cruz (R$ 1000, sem desconto) ───────
INSERT INTO tuitions (id, student_id, contract_id, description, amount, discount_applied, final_amount, due_date, paid_date, status, payment_method, category) VALUES
  ('66666666-0000-0000-0000-000000001001', '33333333-3333-3333-3333-333333333310', '55555555-5555-5555-5555-555555555510', 'Mensalidade Janeiro/2026',  1000.00, 0, 1000.00, '2026-01-10', '2026-01-09', 'paid',    'pix',  'mensalidade'),
  ('66666666-0000-0000-0000-000000001002', '33333333-3333-3333-3333-333333333310', '55555555-5555-5555-5555-555555555510', 'Mensalidade Fevereiro/2026',1000.00, 0, 1000.00, '2026-02-10', '2026-02-09', 'paid',    'pix',  'mensalidade'),
  ('66666666-0000-0000-0000-000000001003', '33333333-3333-3333-3333-333333333310', '55555555-5555-5555-5555-555555555510', 'Mensalidade Março/2026',    1000.00, 0, 1000.00, '2026-03-10', '2026-03-09', 'paid',    'pix',  'mensalidade'),
  ('66666666-0000-0000-0000-000000001004', '33333333-3333-3333-3333-333333333310', '55555555-5555-5555-5555-555555555510', 'Mensalidade Abril/2026',    1000.00, 0, 1000.00, '2026-04-10', NULL,         'pending', NULL,   'mensalidade');

-- ── Aluno 19 – Maria Pinheiro (R$ 1000, sem desconto) ───────
INSERT INTO tuitions (id, student_id, contract_id, description, amount, discount_applied, final_amount, due_date, paid_date, status, payment_method, category) VALUES
  ('66666666-0000-0000-0000-000000001901', '33333333-3333-3333-3333-333333333319', '55555555-5555-5555-5555-555555555519', 'Mensalidade Janeiro/2026',  1000.00, 0, 1000.00, '2026-01-10', '2026-01-10', 'paid',    'boleto','mensalidade'),
  ('66666666-0000-0000-0000-000000001902', '33333333-3333-3333-3333-333333333319', '55555555-5555-5555-5555-555555555519', 'Mensalidade Fevereiro/2026',1000.00, 0, 1000.00, '2026-02-10', '2026-02-10', 'paid',    'boleto','mensalidade'),
  ('66666666-0000-0000-0000-000000001903', '33333333-3333-3333-3333-333333333319', '55555555-5555-5555-5555-555555555519', 'Mensalidade Março/2026',    1000.00, 0, 1000.00, '2026-03-10', '2026-03-10', 'paid',    'boleto','mensalidade'),
  ('66666666-0000-0000-0000-000000001904', '33333333-3333-3333-3333-333333333319', '55555555-5555-5555-5555-555555555519', 'Mensalidade Abril/2026',    1000.00, 0, 1000.00, '2026-04-10', NULL,         'pending', NULL,    'mensalidade');

-- ── Aluno 11 – Beatriz Andrade (R$ 1200, sem desconto) ──────
INSERT INTO tuitions (id, student_id, contract_id, description, amount, discount_applied, final_amount, due_date, paid_date, status, payment_method, category) VALUES
  ('66666666-0000-0000-0000-000000001101', '33333333-3333-3333-3333-333333333311', '55555555-5555-5555-5555-555555555511', 'Mensalidade Janeiro/2026',  1200.00, 0, 1200.00, '2026-01-10', '2026-01-08', 'paid',    'pix',  'mensalidade'),
  ('66666666-0000-0000-0000-000000001102', '33333333-3333-3333-3333-333333333311', '55555555-5555-5555-5555-555555555511', 'Mensalidade Fevereiro/2026',1200.00, 0, 1200.00, '2026-02-10', '2026-02-07', 'paid',    'pix',  'mensalidade'),
  ('66666666-0000-0000-0000-000000001103', '33333333-3333-3333-3333-333333333311', '55555555-5555-5555-5555-555555555511', 'Mensalidade Março/2026',    1200.00, 0, 1200.00, '2026-03-10', '2026-03-07', 'paid',    'pix',  'mensalidade'),
  ('66666666-0000-0000-0000-000000001104', '33333333-3333-3333-3333-333333333311', '55555555-5555-5555-5555-555555555511', 'Mensalidade Abril/2026',    1200.00, 0, 1200.00, '2026-04-10', NULL,         'pending', NULL,   'mensalidade');

-- ── Aluno 12 – Rafael Mendes (R$ 1200, 25% → R$ 900) ───────
INSERT INTO tuitions (id, student_id, contract_id, description, amount, discount_applied, final_amount, due_date, paid_date, status, payment_method, category) VALUES
  ('66666666-0000-0000-0000-000000001201', '33333333-3333-3333-3333-333333333312', '55555555-5555-5555-5555-555555555512', 'Mensalidade Janeiro/2026',  1200.00, 25, 900.00, '2026-01-10', '2026-01-10', 'paid',    'cartao','mensalidade'),
  ('66666666-0000-0000-0000-000000001202', '33333333-3333-3333-3333-333333333312', '55555555-5555-5555-5555-555555555512', 'Mensalidade Fevereiro/2026',1200.00, 25, 900.00, '2026-02-10', '2026-02-10', 'paid',    'cartao','mensalidade'),
  ('66666666-0000-0000-0000-000000001203', '33333333-3333-3333-3333-333333333312', '55555555-5555-5555-5555-555555555512', 'Mensalidade Março/2026',    1200.00, 25, 900.00, '2026-03-10', '2026-03-10', 'paid',    'cartao','mensalidade'),
  ('66666666-0000-0000-0000-000000001204', '33333333-3333-3333-3333-333333333312', '55555555-5555-5555-5555-555555555512', 'Mensalidade Abril/2026',    1200.00, 25, 900.00, '2026-04-10', NULL,         'pending', NULL,    'mensalidade');

-- ── Aluno 13 – Amanda Ramos (R$ 1200, sem desconto) !! INADIMPLENTE ──
INSERT INTO tuitions (id, student_id, contract_id, description, amount, discount_applied, final_amount, due_date, paid_date, status, payment_method, category) VALUES
  ('66666666-0000-0000-0000-000000001301', '33333333-3333-3333-3333-333333333313', '55555555-5555-5555-5555-555555555513', 'Mensalidade Janeiro/2026',  1200.00, 0, 1200.00, '2026-01-10', '2026-01-10', 'paid',    'pix',  'mensalidade'),
  ('66666666-0000-0000-0000-000000001302', '33333333-3333-3333-3333-333333333313', '55555555-5555-5555-5555-555555555513', 'Mensalidade Fevereiro/2026',1200.00, 0, 1200.00, '2026-02-10', '2026-02-10', 'paid',    'pix',  'mensalidade'),
  ('66666666-0000-0000-0000-000000001303', '33333333-3333-3333-3333-333333333313', '55555555-5555-5555-5555-555555555513', 'Mensalidade Março/2026',    1200.00, 0, 1200.00, '2026-03-10', NULL,         'overdue', NULL,   'mensalidade'), -- vencida
  ('66666666-0000-0000-0000-000000001304', '33333333-3333-3333-3333-333333333313', '55555555-5555-5555-5555-555555555513', 'Mensalidade Abril/2026',    1200.00, 0, 1200.00, '2026-04-10', NULL,         'overdue', NULL,   'mensalidade'); -- vencida

-- ── Aluno 14 – Thiago Leal (R$ 1250, sem desconto) ──────────
INSERT INTO tuitions (id, student_id, contract_id, description, amount, discount_applied, final_amount, due_date, paid_date, status, payment_method, category) VALUES
  ('66666666-0000-0000-0000-000000001401', '33333333-3333-3333-3333-333333333314', '55555555-5555-5555-5555-555555555514', 'Mensalidade Janeiro/2026',  1250.00, 0, 1250.00, '2026-01-10', '2026-01-09', 'paid',    'pix',  'mensalidade'),
  ('66666666-0000-0000-0000-000000001402', '33333333-3333-3333-3333-333333333314', '55555555-5555-5555-5555-555555555514', 'Mensalidade Fevereiro/2026',1250.00, 0, 1250.00, '2026-02-10', '2026-02-09', 'paid',    'pix',  'mensalidade'),
  ('66666666-0000-0000-0000-000000001403', '33333333-3333-3333-3333-333333333314', '55555555-5555-5555-5555-555555555514', 'Mensalidade Março/2026',    1250.00, 0, 1250.00, '2026-03-10', '2026-03-09', 'paid',    'pix',  'mensalidade'),
  ('66666666-0000-0000-0000-000000001404', '33333333-3333-3333-3333-333333333314', '55555555-5555-5555-5555-555555555514', 'Mensalidade Abril/2026',    1250.00, 0, 1250.00, '2026-04-10', NULL,         'pending', NULL,   'mensalidade');

-- ── Aluno 15 – Larissa Campos (R$ 1250, 15% → R$ 1062.50) ──
INSERT INTO tuitions (id, student_id, contract_id, description, amount, discount_applied, final_amount, due_date, paid_date, status, payment_method, category) VALUES
  ('66666666-0000-0000-0000-000000001501', '33333333-3333-3333-3333-333333333315', '55555555-5555-5555-5555-555555555515', 'Mensalidade Janeiro/2026',  1250.00, 15, 1062.50, '2026-01-10', '2026-01-10', 'paid',    'transferencia','mensalidade'),
  ('66666666-0000-0000-0000-000000001502', '33333333-3333-3333-3333-333333333315', '55555555-5555-5555-5555-555555555515', 'Mensalidade Fevereiro/2026',1250.00, 15, 1062.50, '2026-02-10', '2026-02-10', 'paid',    'transferencia','mensalidade'),
  ('66666666-0000-0000-0000-000000001503', '33333333-3333-3333-3333-333333333315', '55555555-5555-5555-5555-555555555515', 'Mensalidade Março/2026',    1250.00, 15, 1062.50, '2026-03-10', '2026-03-10', 'paid',    'transferencia','mensalidade'),
  ('66666666-0000-0000-0000-000000001504', '33333333-3333-3333-3333-333333333315', '55555555-5555-5555-5555-555555555515', 'Mensalidade Abril/2026',    1250.00, 15, 1062.50, '2026-04-10', NULL,         'pending',  NULL,           'mensalidade');

-- ── Aluno 16 – Victor Azevedo (R$ 1250, sem desconto) ───────
INSERT INTO tuitions (id, student_id, contract_id, description, amount, discount_applied, final_amount, due_date, paid_date, status, payment_method, category) VALUES
  ('66666666-0000-0000-0000-000000001601', '33333333-3333-3333-3333-333333333316', '55555555-5555-5555-5555-555555555516', 'Mensalidade Janeiro/2026',  1250.00, 0, 1250.00, '2026-01-10', '2026-01-08', 'paid',    'cartao','mensalidade'),
  ('66666666-0000-0000-0000-000000001602', '33333333-3333-3333-3333-333333333316', '55555555-5555-5555-5555-555555555516', 'Mensalidade Fevereiro/2026',1250.00, 0, 1250.00, '2026-02-10', '2026-02-08', 'paid',    'cartao','mensalidade'),
  ('66666666-0000-0000-0000-000000001603', '33333333-3333-3333-3333-333333333316', '55555555-5555-5555-5555-555555555516', 'Mensalidade Março/2026',    1250.00, 0, 1250.00, '2026-03-10', '2026-03-08', 'paid',    'cartao','mensalidade'),
  ('66666666-0000-0000-0000-000000001604', '33333333-3333-3333-3333-333333333316', '55555555-5555-5555-5555-555555555516', 'Mensalidade Abril/2026',    1250.00, 0, 1250.00, '2026-04-10', NULL,         'pending', NULL,    'mensalidade');

-- ── Aluno 17 – Natalia Gomes (R$ 1250, 10% → R$ 1125) ──────
INSERT INTO tuitions (id, student_id, contract_id, description, amount, discount_applied, final_amount, due_date, paid_date, status, payment_method, category) VALUES
  ('66666666-0000-0000-0000-000000001701', '33333333-3333-3333-3333-333333333317', '55555555-5555-5555-5555-555555555517', 'Mensalidade Janeiro/2026',  1250.00, 10, 1125.00, '2026-01-10', '2026-01-10', 'paid',    'pix',  'mensalidade'),
  ('66666666-0000-0000-0000-000000001702', '33333333-3333-3333-3333-333333333317', '55555555-5555-5555-5555-555555555517', 'Mensalidade Fevereiro/2026',1250.00, 10, 1125.00, '2026-02-10', '2026-02-10', 'paid',    'pix',  'mensalidade'),
  ('66666666-0000-0000-0000-000000001703', '33333333-3333-3333-3333-333333333317', '55555555-5555-5555-5555-555555555517', 'Mensalidade Março/2026',    1250.00, 10, 1125.00, '2026-03-10', '2026-03-10', 'paid',    'pix',  'mensalidade'),
  ('66666666-0000-0000-0000-000000001704', '33333333-3333-3333-3333-333333333317', '55555555-5555-5555-5555-555555555517', 'Mensalidade Abril/2026',    1250.00, 10, 1125.00, '2026-04-10', NULL,         'pending', NULL,   'mensalidade');

-- ============================================================
-- FIM DO SEED
-- ============================================================

-- ============================================================
-- SEED EXPANDIDO — +32 alunos (~52 total)
-- ============================================================

INSERT INTO students (id, full_name, email, phone, birth_date, enrollment_date, guardian_contact, class_id, full_tuition_value, discount, final_tuition_value, status) VALUES
('77777777-7777-7777-7777-777777777701', 'Ana Beatriz Ferreira',    'ana.ferreira@email.com',    '(11) 98765-1001', '2020-03-15', '2026-01-10', '(11) 98765-1001', '22222222-2222-2222-2222-222222222201',  800.00,  0,     800.00, 'active'),
('77777777-7777-7777-7777-777777777702', 'Lucas Henrique Souza',    'lucas.souza@email.com',     '(11) 98765-1002', '2020-07-22', '2026-01-10', '(11) 98765-1002', '22222222-2222-2222-2222-222222222201',  800.00, 10,     720.00, 'active'),
('77777777-7777-7777-7777-777777777703', 'Mariana Costa Lima',      'mariana.lima@email.com',    '(11) 98765-1003', '2020-11-05', '2026-01-10', '(11) 98765-1003', '22222222-2222-2222-2222-222222222201',  800.00,  0,     800.00, 'inactive'),
('77777777-7777-7777-7777-777777777704', 'Pedro Alves Rodrigues',   'pedro.rodrigues@email.com', '(11) 98765-1004', '2019-04-18', '2026-01-10', '(11) 98765-1004', '22222222-2222-2222-2222-222222222202',  800.00,  0,     800.00, 'active'),
('77777777-7777-7777-7777-777777777705', 'Sofia Nascimento Dias',   'sofia.dias@email.com',      '(11) 98765-1005', '2019-08-30', '2026-01-10', '(11) 98765-1005', '22222222-2222-2222-2222-222222222202',  800.00,  5,     760.00, 'active'),
('77777777-7777-7777-7777-777777777706', 'Gabriel Martins Carvalho','gabriel.carvalho@email.com','(11) 98765-1006', '2019-12-12', '2026-01-10', '(11) 98765-1006', '22222222-2222-2222-2222-222222222202',  800.00,  0,     800.00, 'active'),
('77777777-7777-7777-7777-777777777707', 'Isabela Gomes Pereira',   'isabela.pereira@email.com', '(11) 98765-1007', '2018-02-25', '2026-01-10', '(11) 98765-1007', '22222222-2222-2222-2222-222222222203',  850.00,  0,     850.00, 'active'),
('77777777-7777-7777-7777-777777777708', 'Rafael Oliveira Santos',  'rafael.santos2@email.com',  '(11) 98765-1008', '2018-06-09', '2026-01-10', '(11) 98765-1008', '22222222-2222-2222-2222-222222222203',  850.00, 15,     722.50, 'active'),
('77777777-7777-7777-7777-777777777709', 'Camila Ribeiro Araujo',   'camila.araujo@email.com',   '(11) 98765-1009', '2018-10-20', '2026-01-10', '(11) 98765-1009', '22222222-2222-2222-2222-222222222203',  850.00,  0,     850.00, 'inactive'),
('77777777-7777-7777-7777-777777777710', 'Thiago Barbosa Moreira',  'thiago.moreira2@email.com', '(11) 98765-1010', '2017-01-14', '2026-01-10', '(11) 98765-1010', '22222222-2222-2222-2222-222222222204',  950.00,  0,     950.00, 'active'),
('77777777-7777-7777-7777-777777777711', 'Larissa Almeida Cruz',    'larissa.cruz@email.com',    '(11) 98765-1011', '2017-05-28', '2026-01-10', '(11) 98765-1011', '22222222-2222-2222-2222-222222222204',  950.00, 20,     760.00, 'active'),
('77777777-7777-7777-7777-777777777712', 'Vinicius Teixeira Pinto', 'vinicius.pinto@email.com',  '(11) 98765-1012', '2017-09-03', '2026-01-10', '(11) 98765-1012', '22222222-2222-2222-2222-222222222204',  950.00,  0,     950.00, 'active'),
('77777777-7777-7777-7777-777777777713', 'Juliana Freitas Nunes',   'juliana.nunes2@email.com',  '(11) 98765-1013', '2016-03-17', '2026-01-10', '(11) 98765-1013', '22222222-2222-2222-2222-222222222205',  950.00,  0,     950.00, 'active'),
('77777777-7777-7777-7777-777777777714', 'Felipe Cardoso Mendes',   'felipe.mendes2@email.com',  '(11) 98765-1014', '2016-07-31', '2026-01-10', '(11) 98765-1014', '22222222-2222-2222-2222-222222222205',  950.00,  0,     950.00, 'active'),
('77777777-7777-7777-7777-777777777715', 'Bruna Cavalcanti Lopes',  'bruna.lopes@email.com',     '(11) 98765-1015', '2016-11-22', '2026-01-10', '(11) 98765-1015', '22222222-2222-2222-2222-222222222205',  950.00, 10,     855.00, 'active'),
('77777777-7777-7777-7777-777777777716', 'Diego Monteiro Ramos',    'diego.ramos2@email.com',    '(11) 98765-1016', '2015-02-08', '2026-01-10', '(11) 98765-1016', '22222222-2222-2222-2222-222222222206', 1000.00,  0,    1000.00, 'active'),
('77777777-7777-7777-7777-777777777717', 'Natalia Vieira Campos',   'natalia.campos2@email.com', '(11) 98765-1017', '2015-06-19', '2026-01-10', '(11) 98765-1017', '22222222-2222-2222-2222-222222222206', 1000.00,  0,    1000.00, 'active'),
('77777777-7777-7777-7777-777777777718', 'Rodrigo Azevedo Fonseca', 'rodrigo.fonseca@email.com', '(11) 98765-1018', '2015-10-11', '2026-01-10', '(11) 98765-1018', '22222222-2222-2222-2222-222222222206', 1000.00,  0,    1000.00, 'inactive'),
('77777777-7777-7777-7777-777777777719', 'Amanda Correia Batista',  'amanda.batista@email.com',  '(11) 98765-1019', '2014-04-05', '2026-01-10', '(11) 98765-1019', '22222222-2222-2222-2222-222222222207', 1000.00,  0,    1000.00, 'active'),
('77777777-7777-7777-7777-777777777720', 'Gustavo Machado Rocha',   'gustavo.rocha@email.com',   '(11) 98765-1020', '2014-08-16', '2026-01-10', '(11) 98765-1020', '22222222-2222-2222-2222-222222222207', 1000.00,  5,     950.00, 'active'),
('77777777-7777-7777-7777-777777777721', 'Patricia Sousa Cunha',    'patricia.cunha@email.com',  '(11) 98765-1021', '2014-12-27', '2026-01-10', '(11) 98765-1021', '22222222-2222-2222-2222-222222222207', 1000.00,  0,    1000.00, 'active'),
('77777777-7777-7777-7777-777777777722', 'Leonardo Pires Duarte',   'leonardo.duarte@email.com', '(11) 98765-1022', '2013-03-13', '2026-01-10', '(11) 98765-1022', '22222222-2222-2222-2222-222222222208', 1000.00,  0,    1000.00, 'active'),
('77777777-7777-7777-7777-777777777723', 'Fernanda Castro Melo',    'fernanda.melo2@email.com',  '(11) 98765-1023', '2013-07-24', '2026-01-10', '(11) 98765-1023', '22222222-2222-2222-2222-222222222208', 1000.00,  0,    1000.00, 'active'),
('77777777-7777-7777-7777-777777777724', 'Henrique Lima Borges',    'henrique.borges@email.com', '(11) 98765-1024', '2013-11-08', '2026-01-10', '(11) 98765-1024', '22222222-2222-2222-2222-222222222208', 1000.00, 20,     800.00, 'active'),
('77777777-7777-7777-7777-777777777725', 'Caroline Melo Andrade',   'caroline.andrade@email.com','(11) 98765-1025', '2012-02-21', '2026-01-10', '(11) 98765-1025', '22222222-2222-2222-2222-222222222209', 1200.00,  0,    1200.00, 'active'),
('77777777-7777-7777-7777-777777777726', 'Matheus Fernandes Leite', 'matheus.leite@email.com',   '(11) 98765-1026', '2012-06-15', '2026-01-10', '(11) 98765-1026', '22222222-2222-2222-2222-222222222209', 1200.00,  0,    1200.00, 'active'),
('77777777-7777-7777-7777-777777777727', 'Aline Pinto Silveira',    'aline.silveira@email.com',  '(11) 98765-1027', '2012-10-29', '2026-01-10', '(11) 98765-1027', '22222222-2222-2222-2222-222222222209', 1200.00,  0,    1200.00, 'active'),
('77777777-7777-7777-7777-777777777728', 'Bruno Nogueira Farias',   'bruno.farias@email.com',    '(11) 98765-1028', '2011-04-07', '2026-01-10', '(11) 98765-1028', '22222222-2222-2222-2222-222222222210', 1200.00,  0,    1200.00, 'active'),
('77777777-7777-7777-7777-777777777729', 'Tatiane Moura Xavier',    'tatiane.xavier@email.com',  '(11) 98765-1029', '2011-08-23', '2026-01-10', '(11) 98765-1029', '22222222-2222-2222-2222-222222222210', 1200.00,  0,    1200.00, 'active'),
('77777777-7777-7777-7777-777777777730', 'Andre Coelho Sampaio',    'andre.sampaio@email.com',   '(11) 98765-1030', '2011-12-18', '2026-01-10', '(11) 98765-1030', '22222222-2222-2222-2222-222222222210', 1200.00,  0,    1200.00, 'active'),
('77777777-7777-7777-7777-777777777731', 'Renata Goncalves Queiroz','renata.queiroz@email.com',  '(11) 98765-1031', '2010-03-30', '2026-01-10', '(11) 98765-1031', '22222222-2222-2222-2222-222222222211', 1250.00,  0,    1250.00, 'active'),
('77777777-7777-7777-7777-777777777732', 'Marcelo Santana Vaz',     'marcelo.vaz@email.com',     '(11) 98765-1032', '2010-09-14', '2026-01-10', '(11) 98765-1032', '22222222-2222-2222-2222-222222222212', 1250.00,  0,    1250.00, 'active');

INSERT INTO enrollments (id, student_id, class_id, enrolled_at) VALUES
('88888888-8888-8888-8888-888888888801','77777777-7777-7777-7777-777777777701','22222222-2222-2222-2222-222222222201','2026-01-10'),
('88888888-8888-8888-8888-888888888802','77777777-7777-7777-7777-777777777702','22222222-2222-2222-2222-222222222201','2026-01-10'),
('88888888-8888-8888-8888-888888888804','77777777-7777-7777-7777-777777777704','22222222-2222-2222-2222-222222222202','2026-01-10'),
('88888888-8888-8888-8888-888888888805','77777777-7777-7777-7777-777777777705','22222222-2222-2222-2222-222222222202','2026-01-10'),
('88888888-8888-8888-8888-888888888806','77777777-7777-7777-7777-777777777706','22222222-2222-2222-2222-222222222202','2026-01-10'),
('88888888-8888-8888-8888-888888888807','77777777-7777-7777-7777-777777777707','22222222-2222-2222-2222-222222222203','2026-01-10'),
('88888888-8888-8888-8888-888888888808','77777777-7777-7777-7777-777777777708','22222222-2222-2222-2222-222222222203','2026-01-10'),
('88888888-8888-8888-8888-888888888810','77777777-7777-7777-7777-777777777710','22222222-2222-2222-2222-222222222204','2026-01-10'),
('88888888-8888-8888-8888-888888888811','77777777-7777-7777-7777-777777777711','22222222-2222-2222-2222-222222222204','2026-01-10'),
('88888888-8888-8888-8888-888888888812','77777777-7777-7777-7777-777777777712','22222222-2222-2222-2222-222222222204','2026-01-10'),
('88888888-8888-8888-8888-888888888813','77777777-7777-7777-7777-777777777713','22222222-2222-2222-2222-222222222205','2026-01-10'),
('88888888-8888-8888-8888-888888888814','77777777-7777-7777-7777-777777777714','22222222-2222-2222-2222-222222222205','2026-01-10'),
('88888888-8888-8888-8888-888888888815','77777777-7777-7777-7777-777777777715','22222222-2222-2222-2222-222222222205','2026-01-10'),
('88888888-8888-8888-8888-888888888816','77777777-7777-7777-7777-777777777716','22222222-2222-2222-2222-222222222206','2026-01-10'),
('88888888-8888-8888-8888-888888888817','77777777-7777-7777-7777-777777777717','22222222-2222-2222-2222-222222222206','2026-01-10'),
('88888888-8888-8888-8888-888888888819','77777777-7777-7777-7777-777777777719','22222222-2222-2222-2222-222222222207','2026-01-10'),
('88888888-8888-8888-8888-888888888820','77777777-7777-7777-7777-777777777720','22222222-2222-2222-2222-222222222207','2026-01-10'),
('88888888-8888-8888-8888-888888888821','77777777-7777-7777-7777-777777777721','22222222-2222-2222-2222-222222222207','2026-01-10'),
('88888888-8888-8888-8888-888888888822','77777777-7777-7777-7777-777777777722','22222222-2222-2222-2222-222222222208','2026-01-10'),
('88888888-8888-8888-8888-888888888823','77777777-7777-7777-7777-777777777723','22222222-2222-2222-2222-222222222208','2026-01-10'),
('88888888-8888-8888-8888-888888888824','77777777-7777-7777-7777-777777777724','22222222-2222-2222-2222-222222222208','2026-01-10'),
('88888888-8888-8888-8888-888888888825','77777777-7777-7777-7777-777777777725','22222222-2222-2222-2222-222222222209','2026-01-10'),
('88888888-8888-8888-8888-888888888826','77777777-7777-7777-7777-777777777726','22222222-2222-2222-2222-222222222209','2026-01-10'),
('88888888-8888-8888-8888-888888888827','77777777-7777-7777-7777-777777777727','22222222-2222-2222-2222-222222222209','2026-01-10'),
('88888888-8888-8888-8888-888888888828','77777777-7777-7777-7777-777777777728','22222222-2222-2222-2222-222222222210','2026-01-10'),
('88888888-8888-8888-8888-888888888829','77777777-7777-7777-7777-777777777729','22222222-2222-2222-2222-222222222210','2026-01-10'),
('88888888-8888-8888-8888-888888888830','77777777-7777-7777-7777-777777777730','22222222-2222-2222-2222-222222222210','2026-01-10'),
('88888888-8888-8888-8888-888888888831','77777777-7777-7777-7777-777777777731','22222222-2222-2222-2222-222222222211','2026-01-10'),
('88888888-8888-8888-8888-888888888832','77777777-7777-7777-7777-777777777732','22222222-2222-2222-2222-222222222212','2026-01-10');

INSERT INTO contracts (id, student_id, class_id, start_date, end_date, monthly_amount, discount, status) VALUES
('99999999-9999-9999-9999-999999999901','77777777-7777-7777-7777-777777777701','22222222-2222-2222-2222-222222222201','2026-01-01','2026-12-31', 800.00,  0,'active'),
('99999999-9999-9999-9999-999999999902','77777777-7777-7777-7777-777777777702','22222222-2222-2222-2222-222222222201','2026-01-01','2026-12-31', 800.00, 10,'active'),
('99999999-9999-9999-9999-999999999904','77777777-7777-7777-7777-777777777704','22222222-2222-2222-2222-222222222202','2026-01-01','2026-12-31', 800.00,  0,'active'),
('99999999-9999-9999-9999-999999999905','77777777-7777-7777-7777-777777777705','22222222-2222-2222-2222-222222222202','2026-01-01','2026-12-31', 800.00,  5,'active'),
('99999999-9999-9999-9999-999999999906','77777777-7777-7777-7777-777777777706','22222222-2222-2222-2222-222222222202','2026-01-01','2026-12-31', 800.00,  0,'active'),
('99999999-9999-9999-9999-999999999907','77777777-7777-7777-7777-777777777707','22222222-2222-2222-2222-222222222203','2026-01-01','2026-12-31', 850.00,  0,'active'),
('99999999-9999-9999-9999-999999999908','77777777-7777-7777-7777-777777777708','22222222-2222-2222-2222-222222222203','2026-01-01','2026-12-31', 850.00, 15,'active'),
('99999999-9999-9999-9999-999999999910','77777777-7777-7777-7777-777777777710','22222222-2222-2222-2222-222222222204','2026-01-01','2026-12-31', 950.00,  0,'active'),
('99999999-9999-9999-9999-999999999911','77777777-7777-7777-7777-777777777711','22222222-2222-2222-2222-222222222204','2026-01-01','2026-12-31', 950.00, 20,'active'),
('99999999-9999-9999-9999-999999999912','77777777-7777-7777-7777-777777777712','22222222-2222-2222-2222-222222222204','2026-01-01','2026-12-31', 950.00,  0,'active'),
('99999999-9999-9999-9999-999999999913','77777777-7777-7777-7777-777777777713','22222222-2222-2222-2222-222222222205','2026-01-01','2026-12-31', 950.00,  0,'active'),
('99999999-9999-9999-9999-999999999914','77777777-7777-7777-7777-777777777714','22222222-2222-2222-2222-222222222205','2026-01-01','2026-12-31', 950.00,  0,'active'),
('99999999-9999-9999-9999-999999999915','77777777-7777-7777-7777-777777777715','22222222-2222-2222-2222-222222222205','2026-01-01','2026-12-31', 950.00, 10,'active'),
('99999999-9999-9999-9999-999999999916','77777777-7777-7777-7777-777777777716','22222222-2222-2222-2222-222222222206','2026-01-01','2026-12-31',1000.00,  0,'active'),
('99999999-9999-9999-9999-999999999917','77777777-7777-7777-7777-777777777717','22222222-2222-2222-2222-222222222206','2026-01-01','2026-12-31',1000.00,  0,'active'),
('99999999-9999-9999-9999-999999999919','77777777-7777-7777-7777-777777777719','22222222-2222-2222-2222-222222222207','2026-01-01','2026-12-31',1000.00,  0,'active'),
('99999999-9999-9999-9999-999999999920','77777777-7777-7777-7777-777777777720','22222222-2222-2222-2222-222222222207','2026-01-01','2026-12-31',1000.00,  5,'active'),
('99999999-9999-9999-9999-999999999921','77777777-7777-7777-7777-777777777721','22222222-2222-2222-2222-222222222207','2026-01-01','2026-12-31',1000.00,  0,'active'),
('99999999-9999-9999-9999-999999999922','77777777-7777-7777-7777-777777777722','22222222-2222-2222-2222-222222222208','2026-01-01','2026-12-31',1000.00,  0,'active'),
('99999999-9999-9999-9999-999999999923','77777777-7777-7777-7777-777777777723','22222222-2222-2222-2222-222222222208','2026-01-01','2026-12-31',1000.00,  0,'active'),
('99999999-9999-9999-9999-999999999924','77777777-7777-7777-7777-777777777724','22222222-2222-2222-2222-222222222208','2026-01-01','2026-12-31',1000.00, 20,'active'),
('99999999-9999-9999-9999-999999999925','77777777-7777-7777-7777-777777777725','22222222-2222-2222-2222-222222222209','2026-01-01','2026-12-31',1200.00,  0,'active'),
('99999999-9999-9999-9999-999999999926','77777777-7777-7777-7777-777777777726','22222222-2222-2222-2222-222222222209','2026-01-01','2026-12-31',1200.00,  0,'active'),
('99999999-9999-9999-9999-999999999927','77777777-7777-7777-7777-777777777727','22222222-2222-2222-2222-222222222209','2026-01-01','2026-12-31',1200.00,  0,'active'),
('99999999-9999-9999-9999-999999999928','77777777-7777-7777-7777-777777777728','22222222-2222-2222-2222-222222222210','2026-01-01','2026-12-31',1200.00,  0,'active'),
('99999999-9999-9999-9999-999999999929','77777777-7777-7777-7777-777777777729','22222222-2222-2222-2222-222222222210','2026-01-01','2026-12-31',1200.00,  0,'active'),
('99999999-9999-9999-9999-999999999930','77777777-7777-7777-7777-777777777730','22222222-2222-2222-2222-222222222210','2026-01-01','2026-12-31',1200.00,  0,'active'),
('99999999-9999-9999-9999-999999999931','77777777-7777-7777-7777-777777777731','22222222-2222-2222-2222-222222222211','2026-01-01','2026-12-31',1250.00,  0,'active'),
('99999999-9999-9999-9999-999999999932','77777777-7777-7777-7777-777777777732','22222222-2222-2222-2222-222222222212','2026-01-01','2026-12-31',1250.00,  0,'active');

-- Mensalidades dos novos alunos (ativos com contrato)
-- Normal: jan/fev/mar pagos, abr pendente
-- Inadimplente (706, 708): jan pago, fev/mar/abr vencidos
INSERT INTO tuitions (id, student_id, contract_id, description, amount, discount_applied, final_amount, due_date, paid_date, status, payment_method, category) VALUES
('aa000002-0101-0000-0000-000000000001','77777777-7777-7777-7777-777777777701','99999999-9999-9999-9999-999999999901','Mensalidade Janeiro/2026', 800.00, 0, 800.00,'2026-01-10','2026-01-08','paid','pix','mensalidade'),
('aa000002-0101-0000-0000-000000000002','77777777-7777-7777-7777-777777777701','99999999-9999-9999-9999-999999999901','Mensalidade Fevereiro/2026',800.00, 0, 800.00,'2026-02-10','2026-02-07','paid','pix','mensalidade'),
('aa000002-0101-0000-0000-000000000003','77777777-7777-7777-7777-777777777701','99999999-9999-9999-9999-999999999901','Mensalidade Março/2026',   800.00, 0, 800.00,'2026-03-10','2026-03-09','paid','pix','mensalidade'),
('aa000002-0101-0000-0000-000000000004','77777777-7777-7777-7777-777777777701','99999999-9999-9999-9999-999999999901','Mensalidade Abril/2026',   800.00, 0, 800.00,'2026-04-10',NULL,'pending',NULL,'mensalidade'),
('aa000002-0102-0000-0000-000000000001','77777777-7777-7777-7777-777777777702','99999999-9999-9999-9999-999999999902','Mensalidade Janeiro/2026', 800.00,10, 720.00,'2026-01-10','2026-01-08','paid','pix','mensalidade'),
('aa000002-0102-0000-0000-000000000002','77777777-7777-7777-7777-777777777702','99999999-9999-9999-9999-999999999902','Mensalidade Fevereiro/2026',800.00,10, 720.00,'2026-02-10','2026-02-07','paid','pix','mensalidade'),
('aa000002-0102-0000-0000-000000000003','77777777-7777-7777-7777-777777777702','99999999-9999-9999-9999-999999999902','Mensalidade Março/2026',   800.00,10, 720.00,'2026-03-10','2026-03-09','paid','pix','mensalidade'),
('aa000002-0102-0000-0000-000000000004','77777777-7777-7777-7777-777777777702','99999999-9999-9999-9999-999999999902','Mensalidade Abril/2026',   800.00,10, 720.00,'2026-04-10',NULL,'pending',NULL,'mensalidade'),
('aa000002-0104-0000-0000-000000000001','77777777-7777-7777-7777-777777777704','99999999-9999-9999-9999-999999999904','Mensalidade Janeiro/2026', 800.00, 0, 800.00,'2026-01-10','2026-01-08','paid','pix','mensalidade'),
('aa000002-0104-0000-0000-000000000002','77777777-7777-7777-7777-777777777704','99999999-9999-9999-9999-999999999904','Mensalidade Fevereiro/2026',800.00, 0, 800.00,'2026-02-10','2026-02-07','paid','pix','mensalidade'),
('aa000002-0104-0000-0000-000000000003','77777777-7777-7777-7777-777777777704','99999999-9999-9999-9999-999999999904','Mensalidade Março/2026',   800.00, 0, 800.00,'2026-03-10','2026-03-09','paid','pix','mensalidade'),
('aa000002-0104-0000-0000-000000000004','77777777-7777-7777-7777-777777777704','99999999-9999-9999-9999-999999999904','Mensalidade Abril/2026',   800.00, 0, 800.00,'2026-04-10',NULL,'pending',NULL,'mensalidade'),
('aa000002-0105-0000-0000-000000000001','77777777-7777-7777-7777-777777777705','99999999-9999-9999-9999-999999999905','Mensalidade Janeiro/2026', 800.00, 5, 760.00,'2026-01-10','2026-01-08','paid','pix','mensalidade'),
('aa000002-0105-0000-0000-000000000002','77777777-7777-7777-7777-777777777705','99999999-9999-9999-9999-999999999905','Mensalidade Fevereiro/2026',800.00, 5, 760.00,'2026-02-10','2026-02-07','paid','pix','mensalidade'),
('aa000002-0105-0000-0000-000000000003','77777777-7777-7777-7777-777777777705','99999999-9999-9999-9999-999999999905','Mensalidade Março/2026',   800.00, 5, 760.00,'2026-03-10','2026-03-09','paid','pix','mensalidade'),
('aa000002-0105-0000-0000-000000000004','77777777-7777-7777-7777-777777777705','99999999-9999-9999-9999-999999999905','Mensalidade Abril/2026',   800.00, 5, 760.00,'2026-04-10',NULL,'pending',NULL,'mensalidade'),
-- 706 inadimplente
('aa000002-0106-0000-0000-000000000001','77777777-7777-7777-7777-777777777706','99999999-9999-9999-9999-999999999906','Mensalidade Janeiro/2026', 800.00, 0, 800.00,'2026-01-10','2026-01-08','paid','pix','mensalidade'),
('aa000002-0106-0000-0000-000000000002','77777777-7777-7777-7777-777777777706','99999999-9999-9999-9999-999999999906','Mensalidade Fevereiro/2026',800.00, 0, 800.00,'2026-02-10',NULL,'overdue',NULL,'mensalidade'),
('aa000002-0106-0000-0000-000000000003','77777777-7777-7777-7777-777777777706','99999999-9999-9999-9999-999999999906','Mensalidade Março/2026',   800.00, 0, 800.00,'2026-03-10',NULL,'overdue',NULL,'mensalidade'),
('aa000002-0106-0000-0000-000000000004','77777777-7777-7777-7777-777777777706','99999999-9999-9999-9999-999999999906','Mensalidade Abril/2026',   800.00, 0, 800.00,'2026-04-10',NULL,'overdue',NULL,'mensalidade'),
('aa000002-0107-0000-0000-000000000001','77777777-7777-7777-7777-777777777707','99999999-9999-9999-9999-999999999907','Mensalidade Janeiro/2026', 850.00, 0, 850.00,'2026-01-10','2026-01-08','paid','pix','mensalidade'),
('aa000002-0107-0000-0000-000000000002','77777777-7777-7777-7777-777777777707','99999999-9999-9999-9999-999999999907','Mensalidade Fevereiro/2026',850.00, 0, 850.00,'2026-02-10','2026-02-07','paid','pix','mensalidade'),
('aa000002-0107-0000-0000-000000000003','77777777-7777-7777-7777-777777777707','99999999-9999-9999-9999-999999999907','Mensalidade Março/2026',   850.00, 0, 850.00,'2026-03-10','2026-03-09','paid','pix','mensalidade'),
('aa000002-0107-0000-0000-000000000004','77777777-7777-7777-7777-777777777707','99999999-9999-9999-9999-999999999907','Mensalidade Abril/2026',   850.00, 0, 850.00,'2026-04-10',NULL,'pending',NULL,'mensalidade'),
-- 708 inadimplente
('aa000002-0108-0000-0000-000000000001','77777777-7777-7777-7777-777777777708','99999999-9999-9999-9999-999999999908','Mensalidade Janeiro/2026', 850.00,15, 722.50,'2026-01-10','2026-01-08','paid','pix','mensalidade'),
('aa000002-0108-0000-0000-000000000002','77777777-7777-7777-7777-777777777708','99999999-9999-9999-9999-999999999908','Mensalidade Fevereiro/2026',850.00,15, 722.50,'2026-02-10',NULL,'overdue',NULL,'mensalidade'),
('aa000002-0108-0000-0000-000000000003','77777777-7777-7777-7777-777777777708','99999999-9999-9999-9999-999999999908','Mensalidade Março/2026',   850.00,15, 722.50,'2026-03-10',NULL,'overdue',NULL,'mensalidade'),
('aa000002-0108-0000-0000-000000000004','77777777-7777-7777-7777-777777777708','99999999-9999-9999-9999-999999999908','Mensalidade Abril/2026',   850.00,15, 722.50,'2026-04-10',NULL,'overdue',NULL,'mensalidade'),
('aa000002-0110-0000-0000-000000000001','77777777-7777-7777-7777-777777777710','99999999-9999-9999-9999-999999999910','Mensalidade Janeiro/2026', 950.00, 0, 950.00,'2026-01-10','2026-01-08','paid','pix','mensalidade'),
('aa000002-0110-0000-0000-000000000002','77777777-7777-7777-7777-777777777710','99999999-9999-9999-9999-999999999910','Mensalidade Fevereiro/2026',950.00, 0, 950.00,'2026-02-10','2026-02-07','paid','pix','mensalidade'),
('aa000002-0110-0000-0000-000000000003','77777777-7777-7777-7777-777777777710','99999999-9999-9999-9999-999999999910','Mensalidade Março/2026',   950.00, 0, 950.00,'2026-03-10','2026-03-09','paid','pix','mensalidade'),
('aa000002-0110-0000-0000-000000000004','77777777-7777-7777-7777-777777777710','99999999-9999-9999-9999-999999999910','Mensalidade Abril/2026',   950.00, 0, 950.00,'2026-04-10',NULL,'pending',NULL,'mensalidade'),
('aa000002-0111-0000-0000-000000000001','77777777-7777-7777-7777-777777777711','99999999-9999-9999-9999-999999999911','Mensalidade Janeiro/2026', 950.00,20, 760.00,'2026-01-10','2026-01-08','paid','pix','mensalidade'),
('aa000002-0111-0000-0000-000000000002','77777777-7777-7777-7777-777777777711','99999999-9999-9999-9999-999999999911','Mensalidade Fevereiro/2026',950.00,20, 760.00,'2026-02-10','2026-02-07','paid','pix','mensalidade'),
('aa000002-0111-0000-0000-000000000003','77777777-7777-7777-7777-777777777711','99999999-9999-9999-9999-999999999911','Mensalidade Março/2026',   950.00,20, 760.00,'2026-03-10','2026-03-09','paid','pix','mensalidade'),
('aa000002-0111-0000-0000-000000000004','77777777-7777-7777-7777-777777777711','99999999-9999-9999-9999-999999999911','Mensalidade Abril/2026',   950.00,20, 760.00,'2026-04-10',NULL,'pending',NULL,'mensalidade'),
('aa000002-0112-0000-0000-000000000001','77777777-7777-7777-7777-777777777712','99999999-9999-9999-9999-999999999912','Mensalidade Janeiro/2026', 950.00, 0, 950.00,'2026-01-10','2026-01-08','paid','pix','mensalidade'),
('aa000002-0112-0000-0000-000000000002','77777777-7777-7777-7777-777777777712','99999999-9999-9999-9999-999999999912','Mensalidade Fevereiro/2026',950.00, 0, 950.00,'2026-02-10','2026-02-07','paid','pix','mensalidade'),
('aa000002-0112-0000-0000-000000000003','77777777-7777-7777-7777-777777777712','99999999-9999-9999-9999-999999999912','Mensalidade Março/2026',   950.00, 0, 950.00,'2026-03-10','2026-03-09','paid','pix','mensalidade'),
('aa000002-0112-0000-0000-000000000004','77777777-7777-7777-7777-777777777712','99999999-9999-9999-9999-999999999912','Mensalidade Abril/2026',   950.00, 0, 950.00,'2026-04-10',NULL,'pending',NULL,'mensalidade'),
('aa000002-0113-0000-0000-000000000001','77777777-7777-7777-7777-777777777713','99999999-9999-9999-9999-999999999913','Mensalidade Janeiro/2026', 950.00, 0, 950.00,'2026-01-10','2026-01-08','paid','pix','mensalidade'),
('aa000002-0113-0000-0000-000000000002','77777777-7777-7777-7777-777777777713','99999999-9999-9999-9999-999999999913','Mensalidade Fevereiro/2026',950.00, 0, 950.00,'2026-02-10','2026-02-07','paid','pix','mensalidade'),
('aa000002-0113-0000-0000-000000000003','77777777-7777-7777-7777-777777777713','99999999-9999-9999-9999-999999999913','Mensalidade Março/2026',   950.00, 0, 950.00,'2026-03-10','2026-03-09','paid','pix','mensalidade'),
('aa000002-0113-0000-0000-000000000004','77777777-7777-7777-7777-777777777713','99999999-9999-9999-9999-999999999913','Mensalidade Abril/2026',   950.00, 0, 950.00,'2026-04-10',NULL,'pending',NULL,'mensalidade'),
('aa000002-0114-0000-0000-000000000001','77777777-7777-7777-7777-777777777714','99999999-9999-9999-9999-999999999914','Mensalidade Janeiro/2026', 950.00, 0, 950.00,'2026-01-10','2026-01-08','paid','pix','mensalidade'),
('aa000002-0114-0000-0000-000000000002','77777777-7777-7777-7777-777777777714','99999999-9999-9999-9999-999999999914','Mensalidade Fevereiro/2026',950.00, 0, 950.00,'2026-02-10','2026-02-07','paid','pix','mensalidade'),
('aa000002-0114-0000-0000-000000000003','77777777-7777-7777-7777-777777777714','99999999-9999-9999-9999-999999999914','Mensalidade Março/2026',   950.00, 0, 950.00,'2026-03-10','2026-03-09','paid','pix','mensalidade'),
('aa000002-0114-0000-0000-000000000004','77777777-7777-7777-7777-777777777714','99999999-9999-9999-9999-999999999914','Mensalidade Abril/2026',   950.00, 0, 950.00,'2026-04-10',NULL,'pending',NULL,'mensalidade'),
('aa000002-0115-0000-0000-000000000001','77777777-7777-7777-7777-777777777715','99999999-9999-9999-9999-999999999915','Mensalidade Janeiro/2026', 950.00,10, 855.00,'2026-01-10','2026-01-08','paid','pix','mensalidade'),
('aa000002-0115-0000-0000-000000000002','77777777-7777-7777-7777-777777777715','99999999-9999-9999-9999-999999999915','Mensalidade Fevereiro/2026',950.00,10, 855.00,'2026-02-10','2026-02-07','paid','pix','mensalidade'),
('aa000002-0115-0000-0000-000000000003','77777777-7777-7777-7777-777777777715','99999999-9999-9999-9999-999999999915','Mensalidade Março/2026',   950.00,10, 855.00,'2026-03-10','2026-03-09','paid','pix','mensalidade'),
('aa000002-0115-0000-0000-000000000004','77777777-7777-7777-7777-777777777715','99999999-9999-9999-9999-999999999915','Mensalidade Abril/2026',   950.00,10, 855.00,'2026-04-10',NULL,'pending',NULL,'mensalidade'),
('aa000002-0116-0000-0000-000000000001','77777777-7777-7777-7777-777777777716','99999999-9999-9999-9999-999999999916','Mensalidade Janeiro/2026',1000.00, 0,1000.00,'2026-01-10','2026-01-08','paid','pix','mensalidade'),
('aa000002-0116-0000-0000-000000000002','77777777-7777-7777-7777-777777777716','99999999-9999-9999-9999-999999999916','Mensalidade Fevereiro/2026',1000.00,0,1000.00,'2026-02-10','2026-02-07','paid','pix','mensalidade'),
('aa000002-0116-0000-0000-000000000003','77777777-7777-7777-7777-777777777716','99999999-9999-9999-9999-999999999916','Mensalidade Março/2026',  1000.00, 0,1000.00,'2026-03-10','2026-03-09','paid','pix','mensalidade'),
('aa000002-0116-0000-0000-000000000004','77777777-7777-7777-7777-777777777716','99999999-9999-9999-9999-999999999916','Mensalidade Abril/2026',  1000.00, 0,1000.00,'2026-04-10',NULL,'pending',NULL,'mensalidade'),
('aa000002-0117-0000-0000-000000000001','77777777-7777-7777-7777-777777777717','99999999-9999-9999-9999-999999999917','Mensalidade Janeiro/2026',1000.00, 0,1000.00,'2026-01-10','2026-01-08','paid','pix','mensalidade'),
('aa000002-0117-0000-0000-000000000002','77777777-7777-7777-7777-777777777717','99999999-9999-9999-9999-999999999917','Mensalidade Fevereiro/2026',1000.00,0,1000.00,'2026-02-10','2026-02-07','paid','pix','mensalidade'),
('aa000002-0117-0000-0000-000000000003','77777777-7777-7777-7777-777777777717','99999999-9999-9999-9999-999999999917','Mensalidade Março/2026',  1000.00, 0,1000.00,'2026-03-10','2026-03-09','paid','pix','mensalidade'),
('aa000002-0117-0000-0000-000000000004','77777777-7777-7777-7777-777777777717','99999999-9999-9999-9999-999999999917','Mensalidade Abril/2026',  1000.00, 0,1000.00,'2026-04-10',NULL,'pending',NULL,'mensalidade'),
('aa000002-0119-0000-0000-000000000001','77777777-7777-7777-7777-777777777719','99999999-9999-9999-9999-999999999919','Mensalidade Janeiro/2026',1000.00, 0,1000.00,'2026-01-10','2026-01-08','paid','pix','mensalidade'),
('aa000002-0119-0000-0000-000000000002','77777777-7777-7777-7777-777777777719','99999999-9999-9999-9999-999999999919','Mensalidade Fevereiro/2026',1000.00,0,1000.00,'2026-02-10','2026-02-07','paid','pix','mensalidade'),
('aa000002-0119-0000-0000-000000000003','77777777-7777-7777-7777-777777777719','99999999-9999-9999-9999-999999999919','Mensalidade Março/2026',  1000.00, 0,1000.00,'2026-03-10','2026-03-09','paid','pix','mensalidade'),
('aa000002-0119-0000-0000-000000000004','77777777-7777-7777-7777-777777777719','99999999-9999-9999-9999-999999999919','Mensalidade Abril/2026',  1000.00, 0,1000.00,'2026-04-10',NULL,'pending',NULL,'mensalidade'),
('aa000002-0120-0000-0000-000000000001','77777777-7777-7777-7777-777777777720','99999999-9999-9999-9999-999999999920','Mensalidade Janeiro/2026',1000.00, 5, 950.00,'2026-01-10','2026-01-08','paid','pix','mensalidade'),
('aa000002-0120-0000-0000-000000000002','77777777-7777-7777-7777-777777777720','99999999-9999-9999-9999-999999999920','Mensalidade Fevereiro/2026',1000.00,5, 950.00,'2026-02-10','2026-02-07','paid','pix','mensalidade'),
('aa000002-0120-0000-0000-000000000003','77777777-7777-7777-7777-777777777720','99999999-9999-9999-9999-999999999920','Mensalidade Março/2026',  1000.00, 5, 950.00,'2026-03-10','2026-03-09','paid','pix','mensalidade'),
('aa000002-0120-0000-0000-000000000004','77777777-7777-7777-7777-777777777720','99999999-9999-9999-9999-999999999920','Mensalidade Abril/2026',  1000.00, 5, 950.00,'2026-04-10',NULL,'pending',NULL,'mensalidade'),
('aa000002-0121-0000-0000-000000000001','77777777-7777-7777-7777-777777777721','99999999-9999-9999-9999-999999999921','Mensalidade Janeiro/2026',1000.00, 0,1000.00,'2026-01-10','2026-01-08','paid','pix','mensalidade'),
('aa000002-0121-0000-0000-000000000002','77777777-7777-7777-7777-777777777721','99999999-9999-9999-9999-999999999921','Mensalidade Fevereiro/2026',1000.00,0,1000.00,'2026-02-10','2026-02-07','paid','pix','mensalidade'),
('aa000002-0121-0000-0000-000000000003','77777777-7777-7777-7777-777777777721','99999999-9999-9999-9999-999999999921','Mensalidade Março/2026',  1000.00, 0,1000.00,'2026-03-10','2026-03-09','paid','pix','mensalidade'),
('aa000002-0121-0000-0000-000000000004','77777777-7777-7777-7777-777777777721','99999999-9999-9999-9999-999999999921','Mensalidade Abril/2026',  1000.00, 0,1000.00,'2026-04-10',NULL,'pending',NULL,'mensalidade'),
('aa000002-0122-0000-0000-000000000001','77777777-7777-7777-7777-777777777722','99999999-9999-9999-9999-999999999922','Mensalidade Janeiro/2026',1000.00, 0,1000.00,'2026-01-10','2026-01-08','paid','pix','mensalidade'),
('aa000002-0122-0000-0000-000000000002','77777777-7777-7777-7777-777777777722','99999999-9999-9999-9999-999999999922','Mensalidade Fevereiro/2026',1000.00,0,1000.00,'2026-02-10','2026-02-07','paid','pix','mensalidade'),
('aa000002-0122-0000-0000-000000000003','77777777-7777-7777-7777-777777777722','99999999-9999-9999-9999-999999999922','Mensalidade Março/2026',  1000.00, 0,1000.00,'2026-03-10','2026-03-09','paid','pix','mensalidade'),
('aa000002-0122-0000-0000-000000000004','77777777-7777-7777-7777-777777777722','99999999-9999-9999-9999-999999999922','Mensalidade Abril/2026',  1000.00, 0,1000.00,'2026-04-10',NULL,'pending',NULL,'mensalidade'),
('aa000002-0123-0000-0000-000000000001','77777777-7777-7777-7777-777777777723','99999999-9999-9999-9999-999999999923','Mensalidade Janeiro/2026',1000.00, 0,1000.00,'2026-01-10','2026-01-08','paid','pix','mensalidade'),
('aa000002-0123-0000-0000-000000000002','77777777-7777-7777-7777-777777777723','99999999-9999-9999-9999-999999999923','Mensalidade Fevereiro/2026',1000.00,0,1000.00,'2026-02-10','2026-02-07','paid','pix','mensalidade'),
('aa000002-0123-0000-0000-000000000003','77777777-7777-7777-7777-777777777723','99999999-9999-9999-9999-999999999923','Mensalidade Março/2026',  1000.00, 0,1000.00,'2026-03-10','2026-03-09','paid','pix','mensalidade'),
('aa000002-0123-0000-0000-000000000004','77777777-7777-7777-7777-777777777723','99999999-9999-9999-9999-999999999923','Mensalidade Abril/2026',  1000.00, 0,1000.00,'2026-04-10',NULL,'pending',NULL,'mensalidade'),
('aa000002-0124-0000-0000-000000000001','77777777-7777-7777-7777-777777777724','99999999-9999-9999-9999-999999999924','Mensalidade Janeiro/2026',1000.00,20, 800.00,'2026-01-10','2026-01-08','paid','pix','mensalidade'),
('aa000002-0124-0000-0000-000000000002','77777777-7777-7777-7777-777777777724','99999999-9999-9999-9999-999999999924','Mensalidade Fevereiro/2026',1000.00,20,800.00,'2026-02-10','2026-02-07','paid','pix','mensalidade'),
('aa000002-0124-0000-0000-000000000003','77777777-7777-7777-7777-777777777724','99999999-9999-9999-9999-999999999924','Mensalidade Março/2026',  1000.00,20, 800.00,'2026-03-10','2026-03-09','paid','pix','mensalidade'),
('aa000002-0124-0000-0000-000000000004','77777777-7777-7777-7777-777777777724','99999999-9999-9999-9999-999999999924','Mensalidade Abril/2026',  1000.00,20, 800.00,'2026-04-10',NULL,'pending',NULL,'mensalidade'),
('aa000002-0125-0000-0000-000000000001','77777777-7777-7777-7777-777777777725','99999999-9999-9999-9999-999999999925','Mensalidade Janeiro/2026',1200.00, 0,1200.00,'2026-01-10','2026-01-08','paid','pix','mensalidade'),
('aa000002-0125-0000-0000-000000000002','77777777-7777-7777-7777-777777777725','99999999-9999-9999-9999-999999999925','Mensalidade Fevereiro/2026',1200.00,0,1200.00,'2026-02-10','2026-02-07','paid','pix','mensalidade'),
('aa000002-0125-0000-0000-000000000003','77777777-7777-7777-7777-777777777725','99999999-9999-9999-9999-999999999925','Mensalidade Março/2026',  1200.00, 0,1200.00,'2026-03-10','2026-03-09','paid','pix','mensalidade'),
('aa000002-0125-0000-0000-000000000004','77777777-7777-7777-7777-777777777725','99999999-9999-9999-9999-999999999925','Mensalidade Abril/2026',  1200.00, 0,1200.00,'2026-04-10',NULL,'pending',NULL,'mensalidade'),
('aa000002-0126-0000-0000-000000000001','77777777-7777-7777-7777-777777777726','99999999-9999-9999-9999-999999999926','Mensalidade Janeiro/2026',1200.00, 0,1200.00,'2026-01-10','2026-01-08','paid','pix','mensalidade'),
('aa000002-0126-0000-0000-000000000002','77777777-7777-7777-7777-777777777726','99999999-9999-9999-9999-999999999926','Mensalidade Fevereiro/2026',1200.00,0,1200.00,'2026-02-10','2026-02-07','paid','pix','mensalidade'),
('aa000002-0126-0000-0000-000000000003','77777777-7777-7777-7777-777777777726','99999999-9999-9999-9999-999999999926','Mensalidade Março/2026',  1200.00, 0,1200.00,'2026-03-10','2026-03-09','paid','pix','mensalidade'),
('aa000002-0126-0000-0000-000000000004','77777777-7777-7777-7777-777777777726','99999999-9999-9999-9999-999999999926','Mensalidade Abril/2026',  1200.00, 0,1200.00,'2026-04-10',NULL,'pending',NULL,'mensalidade'),
('aa000002-0127-0000-0000-000000000001','77777777-7777-7777-7777-777777777727','99999999-9999-9999-9999-999999999927','Mensalidade Janeiro/2026',1200.00, 0,1200.00,'2026-01-10','2026-01-08','paid','pix','mensalidade'),
('aa000002-0127-0000-0000-000000000002','77777777-7777-7777-7777-777777777727','99999999-9999-9999-9999-999999999927','Mensalidade Fevereiro/2026',1200.00,0,1200.00,'2026-02-10','2026-02-07','paid','pix','mensalidade'),
('aa000002-0127-0000-0000-000000000003','77777777-7777-7777-7777-777777777727','99999999-9999-9999-9999-999999999927','Mensalidade Março/2026',  1200.00, 0,1200.00,'2026-03-10','2026-03-09','paid','pix','mensalidade'),
('aa000002-0127-0000-0000-000000000004','77777777-7777-7777-7777-777777777727','99999999-9999-9999-9999-999999999927','Mensalidade Abril/2026',  1200.00, 0,1200.00,'2026-04-10',NULL,'pending',NULL,'mensalidade'),
('aa000002-0128-0000-0000-000000000001','77777777-7777-7777-7777-777777777728','99999999-9999-9999-9999-999999999928','Mensalidade Janeiro/2026',1200.00, 0,1200.00,'2026-01-10','2026-01-08','paid','pix','mensalidade'),
('aa000002-0128-0000-0000-000000000002','77777777-7777-7777-7777-777777777728','99999999-9999-9999-9999-999999999928','Mensalidade Fevereiro/2026',1200.00,0,1200.00,'2026-02-10','2026-02-07','paid','pix','mensalidade'),
('aa000002-0128-0000-0000-000000000003','77777777-7777-7777-7777-777777777728','99999999-9999-9999-9999-999999999928','Mensalidade Março/2026',  1200.00, 0,1200.00,'2026-03-10','2026-03-09','paid','pix','mensalidade'),
('aa000002-0128-0000-0000-000000000004','77777777-7777-7777-7777-777777777728','99999999-9999-9999-9999-999999999928','Mensalidade Abril/2026',  1200.00, 0,1200.00,'2026-04-10',NULL,'pending',NULL,'mensalidade'),
('aa000002-0129-0000-0000-000000000001','77777777-7777-7777-7777-777777777729','99999999-9999-9999-9999-999999999929','Mensalidade Janeiro/2026',1200.00, 0,1200.00,'2026-01-10','2026-01-08','paid','pix','mensalidade'),
('aa000002-0129-0000-0000-000000000002','77777777-7777-7777-7777-777777777729','99999999-9999-9999-9999-999999999929','Mensalidade Fevereiro/2026',1200.00,0,1200.00,'2026-02-10','2026-02-07','paid','pix','mensalidade'),
('aa000002-0129-0000-0000-000000000003','77777777-7777-7777-7777-777777777729','99999999-9999-9999-9999-999999999929','Mensalidade Março/2026',  1200.00, 0,1200.00,'2026-03-10','2026-03-09','paid','pix','mensalidade'),
('aa000002-0129-0000-0000-000000000004','77777777-7777-7777-7777-777777777729','99999999-9999-9999-9999-999999999929','Mensalidade Abril/2026',  1200.00, 0,1200.00,'2026-04-10',NULL,'pending',NULL,'mensalidade'),
('aa000002-0130-0000-0000-000000000001','77777777-7777-7777-7777-777777777730','99999999-9999-9999-9999-999999999930','Mensalidade Janeiro/2026',1200.00, 0,1200.00,'2026-01-10','2026-01-08','paid','pix','mensalidade'),
('aa000002-0130-0000-0000-000000000002','77777777-7777-7777-7777-777777777730','99999999-9999-9999-9999-999999999930','Mensalidade Fevereiro/2026',1200.00,0,1200.00,'2026-02-10','2026-02-07','paid','pix','mensalidade'),
('aa000002-0130-0000-0000-000000000003','77777777-7777-7777-7777-777777777730','99999999-9999-9999-9999-999999999930','Mensalidade Março/2026',  1200.00, 0,1200.00,'2026-03-10','2026-03-09','paid','pix','mensalidade'),
('aa000002-0130-0000-0000-000000000004','77777777-7777-7777-7777-777777777730','99999999-9999-9999-9999-999999999930','Mensalidade Abril/2026',  1200.00, 0,1200.00,'2026-04-10',NULL,'pending',NULL,'mensalidade'),
('aa000002-0131-0000-0000-000000000001','77777777-7777-7777-7777-777777777731','99999999-9999-9999-9999-999999999931','Mensalidade Janeiro/2026',1250.00, 0,1250.00,'2026-01-10','2026-01-08','paid','pix','mensalidade'),
('aa000002-0131-0000-0000-000000000002','77777777-7777-7777-7777-777777777731','99999999-9999-9999-9999-999999999931','Mensalidade Fevereiro/2026',1250.00,0,1250.00,'2026-02-10','2026-02-07','paid','pix','mensalidade'),
('aa000002-0131-0000-0000-000000000003','77777777-7777-7777-7777-777777777731','99999999-9999-9999-9999-999999999931','Mensalidade Março/2026',  1250.00, 0,1250.00,'2026-03-10','2026-03-09','paid','pix','mensalidade'),
('aa000002-0131-0000-0000-000000000004','77777777-7777-7777-7777-777777777731','99999999-9999-9999-9999-999999999931','Mensalidade Abril/2026',  1250.00, 0,1250.00,'2026-04-10',NULL,'pending',NULL,'mensalidade'),
('aa000002-0132-0000-0000-000000000001','77777777-7777-7777-7777-777777777732','99999999-9999-9999-9999-999999999932','Mensalidade Janeiro/2026',1250.00, 0,1250.00,'2026-01-10','2026-01-08','paid','pix','mensalidade'),
('aa000002-0132-0000-0000-000000000002','77777777-7777-7777-7777-777777777732','99999999-9999-9999-9999-999999999932','Mensalidade Fevereiro/2026',1250.00,0,1250.00,'2026-02-10','2026-02-07','paid','pix','mensalidade'),
('aa000002-0132-0000-0000-000000000003','77777777-7777-7777-7777-777777777732','99999999-9999-9999-9999-999999999932','Mensalidade Março/2026',  1250.00, 0,1250.00,'2026-03-10','2026-03-09','paid','pix','mensalidade'),
('aa000002-0132-0000-0000-000000000004','77777777-7777-7777-7777-777777777732','99999999-9999-9999-9999-999999999932','Mensalidade Abril/2026',  1250.00, 0,1250.00,'2026-04-10',NULL,'pending',NULL,'mensalidade');
